{
  "base_font": "ACaslonPro",
  "overlay_font": "Junicode-Bold",
  "font_scale": 1.08203125,
  "characters": {
    "a": {
      "size": [
        0.4332129963898917,
        0.4404332129963899
      ],
      "offset": [
        0.0,
        0.007220216606498195
      ],
      "remainder": 0.0010680337213927566
    },
    "b": {
      "size": [
        0.5126353790613718,
        0.7364620938628159
      ],
      "offset": [
        -0.02888086642599278,
        0.01444043321299639
      ],
      "remainder": 0.0008320701779592357
    },
    "c": {
      "size": [
        0.4332129963898917,
        0.4332129963898917
      ],
      "offset": [
        -0.02888086642599278,
        0.021660649819494584
      ],
      "remainder": 0.0003071360629196383
    },
    "d": {
      "size": [
        0.5126353790613718,
        0.7436823104693141
      ],
      "offset": [
        -0.01444043321299639,
        0.007220216606498195
      ],
      "remainder": 0.00231303371474107
    },
    "e": {
      "size": [
        0.4259927797833935,
        0.4332129963898917
      ],
      "offset": [
        -0.01444043321299639,
        0.021660649819494584
      ],
      "remainder": 0.0007975037548773495
    },
    "f": {
      "size": [
        0.4404332129963899,
        0.7364620938628159
      ],
      "offset": [
        -0.01444043321299639,
        0.021660649819494584
      ],
      "remainder": 0.002454327255021691
    },
    "g": {
      "size": [
        0.48375451263537905,
        0.7003610108303249
      ],
      "offset": [
        -0.021660649819494584,
        0.007220216606498195
      ],
      "remainder": 0.0025411269820364538
    },
    "h": {
      "size": [
        0.5415162454873647,
        0.7364620938628159
      ],
      "offset": [
        -0.02888086642599278,
        0.01444043321299639
      ],
      "remainder": 0.0016436371957019458
    },
    "i": {
      "size": [
        0.259927797833935,
        0.6498194945848376
      ],
      "offset": [
        -0.021660649819494584,
        0.0
      ],
      "remainder": 3.545934555381281e-05
    },
    "j": {
      "size": [
        0.34657039711191334,
        0.924187725631769
      ],
      "offset": [
        0.0,
        0.007220216606498195
      ],
      "remainder": 0.0009729576992612636
    },
    "k": {
      "size": [
        0.5415162454873647,
        0.7364620938628159
      ],
      "offset": [
        -0.036101083032490974,
        0.007220216606498195
      ],
      "remainder": 0.0007159822745843029
    },
    "l": {
      "size": [
        0.259927797833935,
        0.7364620938628159
      ],
      "offset": [
        -0.02888086642599278,
        0.0
      ],
      "remainder": 0.0007389502839605208
    },
    "m": {
      "size": [
        0.8014440433212996,
        0.4404332129963899
      ],
      "offset": [
        -0.021660649819494584,
        0.01444043321299639
      ],
      "remainder": 0.0019592969964972217
    },
    "n": {
      "size": [
        0.5342960288808665,
        0.4404332129963899
      ],
      "offset": [
        -0.021660649819494584,
        0.01444043321299639
      ],
      "remainder": 0.0006083377567052331
    },
    "o": {
      "size": [
        0.5054151624548736,
        0.4332129963898917
      ],
      "offset": [
        -0.02888086642599278,
        0.021660649819494584
      ],
      "remainder": 0.0002160994773104303
    },
    "p": {
      "size": [
        0.49097472924187724,
        0.7075812274368231
      ],
      "offset": [
        -0.007220216606498195,
        0.007220216606498195
      ],
      "remainder": 0.002126890775307341
    },
    "q": {
      "size": [
        0.5126353790613718,
        0.7075812274368231
      ],
      "offset": [
        -0.01444043321299639,
        0.0
      ],
      "remainder": 0.001150281033778597
    },
    "r": {
      "size": [
        0.37545126353790614,
        0.4404332129963899
      ],
      "offset": [
        -0.021660649819494584,
        0.007220216606498195
      ],
      "remainder": 0.00033856448611061223
    },
    "s": {
      "size": [
        0.36823104693140796,
        0.4332129963898917
      ],
      "offset": [
        -0.007220216606498195,
        0.021660649819494584
      ],
      "remainder": 0.0019835102016924552
    },
    "t": {
      "size": [
        0.34657039711191334,
        0.5126353790613718
      ],
      "offset": [
        -0.021660649819494584,
        0.036101083032490974
      ],
      "remainder": 0.0010163298917504446
    },
    "u": {
      "size": [
        0.51985559566787,
        0.4404332129963899
      ],
      "offset": [
        -0.036101083032490974,
        0.01444043321299639
      ],
      "remainder": 0.00018608600099243172
    },
    "v": {
      "size": [
        0.47653429602888087,
        0.4404332129963899
      ],
      "offset": [
        -0.036101083032490974,
        0.036101083032490974
      ],
      "remainder": 0.0001012839086377478
    },
    "w": {
      "size": [
        0.7292418772563177,
        0.4404332129963899
      ],
      "offset": [
        -0.04332129963898917,
        0.02888086642599278
      ],
      "remainder": 0.002474455260087616
    },
    "x": {
      "size": [
        0.4981949458483754,
        0.4259927797833935
      ],
      "offset": [
        -0.01444043321299639,
        0.007220216606498195
      ],
      "remainder": 0.0007790945457496385
    },
    "y": {
      "size": [
        0.48375451263537905,
        0.6931407942238267
      ],
      "offset": [
        -0.007220216606498195,
        0.007220216606498195
      ],
      "remainder": 0.002383863539309474
    },
    "z": {
      "size": [
        0.37545126353790614,
        0.4404332129963899
      ],
      "offset": [
        0.021660649819494584,
        0.01444043321299639
      ],
      "remainder": 0.001959541778581302
    },
    "A": {
      "size": [
        0.7148014440433214,
        0.6859205776173285
      ],
      "offset": [
        0.007220216606498195,
        0.0
      ],
      "remainder": 0.00012873568723235275
    },
    "B": {
      "size": [
        0.6353790613718412,
        0.6714801444043321
      ],
      "offset": [
        -0.007220216606498195,
        0.0
      ],
      "remainder": 8.526185696478197e-05
    },
    "C": {
      "size": [
        0.6642599277978339,
        0.6931407942238267
      ],
      "offset": [
        -0.007220216606498195,
        -0.007220216606498195
      ],
      "remainder": 0.004021164603978507
    },
    "D": {
      "size": [
        0.7653429602888087,
        0.6714801444043321
      ],
      "offset": [
        -0.007220216606498195,
        0.007220216606498195
      ],
      "remainder": 7.055737146612496e-05
    },
    "E": {
      "size": [
        0.6137184115523465,
        0.6642599277978339
      ],
      "offset": [
        0.007220216606498195,
        0.0
      ],
      "remainder": 0.003178717794194142
    },
    "F": {
      "size": [
        0.5848375451263538,
        0.6714801444043321
      ],
      "offset": [
        0.007220216606498195,
        0.01444043321299639
      ],
      "remainder": 0.0008356530426812152
    },
    "G": {
      "size": [
        0.7075812274368231,
        0.6931407942238267
      ],
      "offset": [
        0.01444043321299639,
        0.0
      ],
      "remainder": 0.006137890005041979
    },
    "H": {
      "size": [
        0.8231046931407943,
        0.6714801444043321
      ],
      "offset": [
        -0.021660649819494584,
        0.007220216606498195
      ],
      "remainder": 9.578429377042864e-09
    },
    "I": {
      "size": [
        0.36101083032490977,
        0.6714801444043321
      ],
      "offset": [
        -0.007220216606498195,
        0.007220216606498195
      ],
      "remainder": 5.033943559104896e-05
    },
    "J": {
      "size": [
        0.4187725631768953,
        0.8808664259927798
      ],