{
  "base_font": "AGaramond-Italic",
  "overlay_font": "Junicode-BoldItalic",
  "overlay_font_path": "fonts/Junicode-BoldItalic.ttf",
  "font_scale": 1.01171875,
  "total_overlap": 4113.50123798539,
  "offsets": {
    "a": [
      [
        -0.023166023166023165,
        0.007722007722007722
      ],
      101.14817377931564
    ],
    "b": [
      [
        0.023166023166023165,
        0.0
      ],
      165.73291810841985
    ],
    "c": [
      [
        0.0,
        0.015444015444015444
      ],
      65.5834063821607
    ],
    "d": [
      [
        0.0,
        0.007722007722007722
      ],
      200.0651595540177
    ],
    "e": [
      [
        -0.007722007722007722,
        0.007722007722007722
      ],
      19.055101883890813
    ],
    "f": [
      [
        0.007722007722007722,
        0.007722007722007722
      ],
      159.3751787773933
    ],
    "g": [
      [
        -0.007722007722007722,
        0.0
      ],
      42.788327566320646
    ],
    "h": [
      [
        0.015444015444015444,
        0.007722007722007722
      ],
      151.15058823529412
    ],
    "i": [
      [
        0.015444015444015444,
        -0.007722007722007722
      ],
      67.9037447135717
    ],
    "j": [
      [
        0.015444015444015444,
        -0.007722007722007722
      ],
      65.14951172625914
    ],
    "k": [
      [
        0.023166023166023165,
        0.015444015444015444
      ],
      206.5945098039216
    ],
    "l": [
      [
        0.023166023166023165,
        0.0
      ],
      90.35490965013457
    ],
    "m": [
      [
        0.0,
        0.007722007722007722
      ],
      89.279477124183
    ],
    "n": [
      [
        0.007722007722007722,
        0.007722007722007722
      ],
      41.857808535178776
    ],
    "o": [
      [
        -0.03088803088803089,
        0.007722007722007722
      ],
      29.156831987697043
    ],
    "p": [
      [
        0.007722007722007722,
        0.0
      ],
      104.56241445597847
    ],
    "q": [
      [
        -0.023166023166023165,
        0.015444015444015444
      ],
      89.01010380622837
    ],
    "r": [
      [
        0.007722007722007722,
        0.015444015444015444
      ],
      18.33141099577086
    ],
    "s": [
      [
        -0.03088803088803089,
        0.0
      ],
      45.02914263744714
    ],
    "t": [
      [
        0.0,
        0.007722007722007722
      ],
      29.801922337562477
    ],
    "u": [
      [
        0.0,
        0.0
      ],
      73.33688581314878
    ],
    "v": [
      [
        0.015444015444015444,
        0.0
      ],
      31.219023452518257
    ],
    "w": [
      [
        0.023166023166023165,
        0.0
      ],
      124.13345636293734
    ],
    "x": [
      [
        -0.007722007722007722,
        0.007722007722007722
      ],
      53.668112264513645
    ],
    "y": [
      [
        -0.015444015444015444,
        -0.007722007722007722
      ],
      100.46377547097269
    ],
    "z": [
      [
        -0.023166023166023165,
        0.007722007722007722
      ],
      25.41453287197232
    ],
    "A": [
      [
        0.03088803088803089,
        -0.007722007722007722
      ],
      92.59266435986159
    ],
    "B": [
      [
        -0.007722007722007722,
        0.0
      ],
      6.710065359477124
    ],
    "C": [
      [
        -0.015444015444015444,
        0.0
      ],
      38.97133410226836
    ],
    "D": [
      [
        -0.015444015444015444,
        0.007722007722007722
      ],
      12.107358708189157
    ],
    "E": [
      [
        0.015444015444015444,
        0.0
      ],
      118.4000768935025
    ],
    "F": [
      [
        0.007722007722007722,
        0.007722007722007722
      ],
      143.79792387543253
    ],
    "G": [
      [
        -0.007722007722007722,
        -0.007722007722007722
      ],
      140.35520184544407
    ],
    "H": [
      [
        0.015444015444015444,
        0.0
      ],
      14.000199923106498
    ],
    "I": [
      [
        0.0,
        0.0
      ],
      0.0
    ],
    "J": [
      [
        0.03088803088803089,
        0.007722007722007722
      ],
      2.911080353710111
    ],
    "K": [
      [
        0.015444015444015444,
        0.0
      ],
      11.223544790465205
    ],
    "L": [
      [
        -0.015444015444015444,
        0.0
      ],
      54.2156708958093
    ],
    "M": [
      [
        -0.023166023166023165,
        -0.007722007722007722
      ],
      426.0629296424452
    ],
    "N": [
      [
        0.007722007722007722,
        0.0
      ],
      85.41374855824684
    ],
    "O": [
      [
        -0.007722007722007722,
        0.0
      ],
      33.20173779315648
    ],
    "P": [
      [
        -0.015444015444015444,
        0.007722007722007722
      ],
      10.613164167627835
    ],
    "Q": [
      [
        -0.015444015444015444,
        0.007722007722007722
      ],
      228.72004613610153
    ],
    "R": [
      [
        -0.023166023166023165,
        0.0
      ],
      82.27274125336409
    ],
    "S": [
      [
        -0.023166023166023165,
        0.0
      ],
      33.67835447904652
    ],
    "T": [
      [
        0.007722007722007722,
        0.0
      ],
      8.71589388696655
    ],
    "U": [
      [
        0.0,
        0.0
      ],
      4.14316032295271
    ],
    "V": [
      [
        0.007722007722007722,
        0.007722007722007722
      ],
      4.602752787389466
    ],
    "W": [
      [
        -0.023166023166023165,
        0.0
      ],
      198.8883198769704
    ],
    "X": [
      [
        -0.03861003861003861,
        0.007722007722007722
      ],
      102.86257593233373
    ],
    "Y": [
      [
        0.0,
        0.0
      ],
      39.733594771241826
    ],
    "Z": [
      [
        -0.023166023166023165,
        0.007722007722007722
      ],
      29.14066897347174
    ]
  }
}