{
  "base_font": "AGaramond-Italic",
  "overlay_font": "Junicode-BoldItalic",
  "font_scale": 1.01171875,
  "characters": {
    "a": {
      "size": [
        0.47104247104247104,
        0.44787644787644787
      ],
      "offset": [
        -0.023166023166023165,
        0.007722007722007722
      ],
      "remainder": 0.0034999368089728604
    },
    "b": {
      "size": [
        0.4555984555984556,
        0.7413127413127413
      ],
      "offset": [
        0.023166023166023165,
        0.0
      ],
      "remainder": 0.005734703048734251
    },
    "c": {
      "size": [
        0.3861003861003861,
        0.43243243243243246
      ],
      "offset": [
        0.0,
        0.015444015444015444
      ],
      "remainder": 0.0022693220201439697
    },
    "d": {
      "size": [
        0.5405405405405406,
        0.7413127413127413
      ],
      "offset": [
        0.0,
        0.007722007722007722
      ],
      "remainder": 0.006922669880761858
    },
    "e": {
      "size": [
        0.3861003861003861,
        0.43243243243243246
      ],
      "offset": [
        -0.007722007722007722,
        0.007722007722007722
      ],
      "remainder": 0.0006593460859477788
    },
    "f": {
      "size": [
        0.6563706563706564,
        0.9806949806949807
      ],
      "offset": [
        0.007722007722007722,
        0.007722007722007722
      ],
      "remainder": 0.005514712068421914
    },
    "g": {
      "size": [
        0.5328185328185329,
        0.6872586872586872
      ],
      "offset": [
        -0.007722007722007722,
        0.0
      ],
      "remainder": 0.001480564967692756
    },
    "h": {
      "size": [
        0.46332046332046334,
        0.7413127413127413
      ],
      "offset": [
        0.015444015444015444,
        0.007722007722007722
      ],
      "remainder": 0.0052301241603908005
    },
    "i": {
      "size": [
        0.3166023166023166,
        0.640926640926641
      ],
      "offset": [
        0.015444015444015444,
        -0.007722007722007722
      ],
      "remainder": 0.0023496105437222042
    },
    "j": {
      "size": [
        0.44787644787644787,
        0.8957528957528957
      ],
      "offset": [
        0.0,
        -0.007722007722007722
      ],
      "remainder": 0.0022543083642304193
    },
    "k": {
      "size": [
        0.47104247104247104,
        0.7413127413127413
      ],
      "offset": [
        0.023166023166023165,
        0.015444015444015444
      ],
      "remainder": 0.007148598955152996
    },
    "l": {
      "size": [
        0.30115830115830117,
        0.7413127413127413
      ],
      "offset": [
        0.023166023166023165,
        0.0
      ],
      "remainder": 0.0031264674619423723
    },
    "m": {
      "size": [
        0.749034749034749,
        0.43243243243243246
      ],
      "offset": [
        0.0,
        0.007722007722007722
      ],
      "remainder": 0.003089255263812561
    },
    "n": {
      "size": [
        0.5019305019305019,
        0.43243243243243246
      ],
      "offset": [
        0.007722007722007722,
        0.007722007722007722
      ],
      "remainder": 0.0014483670773418262
    },
    "o": {
      "size": [
        0.46332046332046334,
        0.43243243243243246
      ],
      "offset": [
        -0.03088803088803089,
        0.007722007722007722
      ],
      "remainder": 0.001008886919989517
    },
    "p": {
      "size": [
        0.5328185328185329,
        0.803088803088803
      ],
      "offset": [
        0.03088803088803089,
        0.0
      ],
      "remainder": 0.003618076624774342
    },
    "q": {
      "size": [
        0.5096525096525096,
        0.7181467181467182
      ],
      "offset": [
        -0.023166023166023165,
        0.015444015444015444
      ],
      "remainder": 0.0030799343877587673
    },
    "r": {
      "size": [
        0.416988416988417,
        0.43243243243243246
      ],
      "offset": [
        0.007722007722007722,
        0.015444015444015444
      ],
      "remainder": 0.0006343048787463964
    },
    "s": {
      "size": [
        0.3166023166023166,
        0.43243243243243246
      ],
      "offset": [
        -0.03088803088803089,
        0.0
      ],
      "remainder": 0.001558101821364953
    },
    "t": {
      "size": [
        0.36293436293436293,
        0.5173745173745173
      ],
      "offset": [
        0.0,
        0.007722007722007722
      ],
      "remainder": 0.0010312083853827848
    },
    "u": {
      "size": [
        0.5019305019305019,
        0.43243243243243246
      ],
      "offset": [
        0.0,
        0.0
      ],
      "remainder": 0.002537608505645287
    },
    "v": {
      "size": [
        0.43243243243243246,
        0.43243243243243246
      ],
      "offset": [
        0.015444015444015444,
        0.0
      ],
      "remainder": 0.001080243026038694
    },
    "w": {
      "size": [
        0.6332046332046332,
        0.43243243243243246
      ],
      "offset": [
        0.023166023166023165,
        0.0
      ],
      "remainder": 0.004295275306676032
    },
    "x": {
      "size": [
        0.47104247104247104,
        0.43243243243243246
      ],
      "offset": [
        0.007722007722007722,
        0.007722007722007722
      ],
      "remainder": 0.0018570281060385344
    },
    "y": {
      "size": [
        0.47876447876447875,
        0.6872586872586872
      ],
      "offset": [
        0.007722007722007722,
        -0.007722007722007722
      ],
      "remainder": 0.003476255206608052
    },
    "z": {
      "size": [
        0.47104247104247104,
        0.44787644787644787
      ],
      "offset": [
        -0.023166023166023165,
        0.007722007722007722
      ],
      "remainder": 0.0008793956011063087
    },
    "A": {
      "size": [
        0.6563706563706564,
        0.6795366795366795
      ],
      "offset": [
        0.007722007722007722,
        -0.007722007722007722
      ],
      "remainder": 0.0032038984207564567
    },
    "B": {
      "size": [
        0.6486486486486487,
        0.6640926640926641
      ],
      "offset": [
        -0.023166023166023165,
        0.0
      ],
      "remainder": 0.00023218219236945069
    },
    "C": {
      "size": [
        0.7799227799227799,
        0.6872586872586872
      ],
      "offset": [
        -0.015444015444015444,
        0.0
      ],
      "remainder": 0.0013484890692826421
    },
    "D": {
      "size": [
        0.8108108108108109,
        0.6640926640926641
      ],
      "offset": [
        -0.03088803088803089,
        0.007722007722007722
      ],
      "remainder": 0.00041893974768820617
    },
    "E": {
      "size": [
        0.7104247104247104,
        0.6640926640926641
      ],
      "offset": [
        0.0,
        0.0
      ],
      "remainder": 0.004096888473823616
    },
    "F": {
      "size": [
        0.7104247104247104,
        0.6718146718146718
      ],
      "offset": [
        -0.007722007722007722,
        0.007722007722007722
      ],
      "remainder": 0.0049757067084924755
    },
    "G": {
      "size": [
        0.7799227799227799,
        0.6872586872586872
      ],
      "offset": [
        -0.007722007722007722,
        -0.007722007722007722
      ],
      "remainder": 0.004856581378735088
    },
    "H": {
      "size": [
        0.8725868725868726,
        0.6718146718146718
      ],
      "offset": [
        0.0,
        0.0
      ],
      "remainder": 0.00048443598349849474
    },
    "I": {
      "size": [
        0.4864864864864865,
        0.6718146718146718
      ],
      "offset": [
        -0.015444015444015444,
        0.007722007722007722
      ],
      "remainder": 0.0
    },
    "J": {
      "size": [
        0.6254826254826255,
        0.8725868725868726
      ],
      "offset": [
        -0.023166023166023165,
        0.007722007722007722
      ],
      "remainder": 0.00010072942400381007
    },
    "K": {
      "size": [
        0.7799227799227799,
        0.6640926640926641
      ],