{
  "base_font": "AGaramond-Italic",
  "overlay_font": "Junicode-BoldItalic",
  "font_scale": 1.01171875,
  "average_remainder": 0.0027372246726014037,
  "offsets": {
    "a": [
      [
        -0.023166023166023165,
        0.007722007722007722
      ],
      0.0034999368089728604
    ],
    "b": [
      [
        0.023166023166023165,
        0.0
      ],
      0.005734703048734251
    ],
    "c": [
      [
        0.0,
        0.015444015444015444
      ],
      0.0022693220201439697
    ],
    "d": [
      [
        0.0,
        0.007722007722007722
      ],
      0.006922669880761858
    ],
    "e": [
      [
        -0.007722007722007722,
        0.007722007722007722
      ],
      0.0006593460859477788
    ],
    "f": [
      [
        0.007722007722007722,
        0.007722007722007722
      ],
      0.005514712068421914
    ],
    "g": [
      [
        -0.007722007722007722,
        0.0
      ],
      0.001480564967692756
    ],
    "h": [
      [
        0.015444015444015444,
        0.007722007722007722
      ],
      0.0052301241603908005
    ],
    "i": [
      [
        0.015444015444015444,
        -0.007722007722007722
      ],
      0.0023496105437222042
    ],
    "j": [
      [
        0.015444015444015444,
        -0.007722007722007722
      ],
      0.0022543083642304193
    ],
    "k": [
      [
        0.023166023166023165,
        0.015444015444015444
      ],
      0.007148598955152996
    ],
    "l": [
      [
        0.023166023166023165,
        0.0
      ],
      0.0031264674619423723
    ],
    "m": [
      [
        0.0,
        0.007722007722007722
      ],
      0.003089255263812561
    ],
    "n": [
      [
        0.007722007722007722,
        0.007722007722007722
      ],
      0.0014483670773418262
    ],
    "o": [
      [
        -0.03088803088803089,
        0.007722007722007722
      ],
      0.001008886919989517
    ],
    "p": [
      [
        0.007722007722007722,
        0.0
      ],
      0.003618076624774342
    ],
    "q": [
      [
        -0.023166023166023165,
        0.015444015444015444
      ],
      0.0030799343877587673
    ],
    "r": [
      [
        0.007722007722007722,
        0.015444015444015444
      ],
      0.0006343048787463964
    ],
    "s": [
      [
        -0.03088803088803089,
        0.0
      ],
      0.001558101821364953
    ],
    "t": [
      [
        0.0,
        0.007722007722007722
      ],
      0.0010312083853827848
    ],
    "u": [
      [
        0.0,
        0.0
      ],
      0.002537608505645287
    ],
    "v": [
      [
        0.015444015444015444,
        0.0
      ],
      0.001080243026038694
    ],
    "w": [
      [
        0.023166023166023165,
        0.0
      ],
      0.004295275306676032
    ],
    "x": [
      [
        -0.007722007722007722,
        0.007722007722007722
      ],
      0.0018570281060385344
    ],
    "y": [
      [
        -0.015444015444015444,
        -0.007722007722007722
      ],
      0.003476255206608052
    ],
    "z": [
      [
        -0.023166023166023165,
        0.007722007722007722
      ],
      0.0008793956011063087
    ],
    "A": [
      [
        0.03088803088803089,
        -0.007722007722007722
      ],
      0.0032038984207564567
    ],
    "B": [
      [
        -0.007722007722007722,
        0.0
      ],
      0.00023218219236945069
    ],
    "C": [
      [
        -0.015444015444015444,
        0.0
      ],
      0.0013484890692826421
    ],
    "D": [
      [
        -0.015444015444015444,
        0.007722007722007722
      ],
      0.00041893974768820617
    ],
    "E": [
      [
        0.015444015444015444,
        0.0
      ],
      0.004096888473823616
    ],
    "F": [
      [
        0.007722007722007722,
        0.007722007722007722
      ],
      0.0049757067084924755
    ],
    "G": [
      [
        -0.007722007722007722,
        -0.007722007722007722
      ],
      0.004856581378735088
    ],
    "H": [
      [
        0.015444015444015444,
        0.0
      ],
      0.00048443598349849474
    ],
    "I": [
      [
        0.0,
        0.007722007722007722
      ],
      0.0
    ],
    "J": [
      [
        0.03088803088803089,
        0.007722007722007722
      ],
      0.00010072942400381007
    ],
    "K": [
      [
        0.015444015444015444,
        0.0
      ],
      0.00038835795122716977
    ],
    "L": [
      [
        -0.015444015444015444,
        0.0
      ],
      0.001875974771481291
    ],
    "M": [
      [
        -0.023166023166023165,
        -0.007722007722007722
      ],
      0.014742661925344123
    ],
    "N": [
      [
        0.007722007722007722,
        0.0
      ],
      0.002955493029697122
    ],
    "O": [
      [
        -0.007722007722007722,
        0.0
      ],
      0.0011488490585867294
    ],
    "P": [
      [
        -0.015444015444015444,
        0.007722007722007722
      ],
      0.00036723751445079015
    ],
    "Q": [
      [
        -0.015444015444015444,
        0.007722007722007722
      ],
      0.00791418844761597
    ],
    "R": [
      [
        -0.023166023166023165,
        0.0
      ],
      0.0028468076558257464
    ],
    "S": [
      [
        -0.023166023166023165,
        0.0
      ],
      0.0011653409854341355
    ],
    "T": [
      [
        0.007722007722007722,
        0.0
      ],
      0.0003015880237704689
    ],
    "U": [
      [
        0.0,
        0.0
      ],
      0.00014336194889109723
    ],
    "V": [
      [
        0.007722007722007722,
        0.007722007722007722
      ],
      0.00015926480233181543
    ],
    "W": [
      [
        -0.023166023166023165,
        0.0
      ],
      0.006881948784670256
    ],
    "X": [
      [
        -0.03861003861003861,
        0.007722007722007722
      ],
      0.003559258682779714
    ],
    "Y": [
      [
        0.0,
        0.0
      ],
      0.0013748648709772258
    ],
    "Z": [
      [
        -0.023166023166023165,
        0.007722007722007722
      ],
      0.0010083276461408906
    ]
  }
}