{
  "base_font": "AGaramond",
  "overlay_font": "EBGaramond-Bold",
  "font_scale": 1.0368923611111112,
  "characters": {
    "a": {
      "size": [
        0.44453746337379657,
        0.45207199665131853
      ],
      "offset": [
        -0.01506906655504395,
        0.022603599832565924
      ],
      "remainder": 0.00020282270992391798
    },
    "b": {
      "size": [
        0.5424863959815822,
        0.7233151946421096
      ],
      "offset": [
        -0.04520719966513185,
        0.01506906655504395
      ],
      "remainder": 0.0010241687719256237
    },
    "c": {
      "size": [
        0.4143993302637086,
        0.45207199665131853
      ],
      "offset": [
        0.0,
        0.0301381331100879
      ],
      "remainder": 5.432725502169116e-05
    },
    "d": {
      "size": [
        0.5500209292591042,
        0.7308497279196317
      ],
      "offset": [
        -0.022603599832565924,
        0.01506906655504395
      ],
      "remainder": 0.0014952609390319668
    },
    "e": {
      "size": [
        0.4143993302637086,
        0.45207199665131853
      ],
      "offset": [
        -0.01506906655504395,
        0.0301381331100879
      ],
      "remainder": 0.00030382299062511225
    },
    "f": {
      "size": [
        0.47467559648388447,
        0.7157806613645876
      ],
      "offset": [
        -0.037672666387609875,
        0.01506906655504395
      ],
      "remainder": 0.0008461866543211354
    },
    "g": {
      "size": [
        0.5123482628714944,
        0.7308497279196317
      ],
      "offset": [
        -0.007534533277521975,
        -0.01506906655504395
      ],
      "remainder": 0.005442258167939134
    },
    "h": {
      "size": [
        0.5575554625366261,
        0.7157806613645876
      ],
      "offset": [
        -0.037672666387609875,
        0.007534533277521975
      ],
      "remainder": 5.589066755001071e-05
    },
    "i": {
      "size": [
        0.29384679782335704,
        0.6630389284219338
      ],
      "offset": [
        -0.022603599832565924,
        0.007534533277521975
      ],
      "remainder": 1.7475312263449372e-06
    },
    "j": {
      "size": [
        0.301381331100879,
        0.9493511929677689
      ],
      "offset": [
        -0.022603599832565924,
        -0.01506906655504395
      ],
      "remainder": 0.0
    },
    "k": {
      "size": [
        0.5575554625366261,
        0.7157806613645876
      ],
      "offset": [
        -0.0301381331100879,
        0.01506906655504395
      ],
      "remainder": 0.00186673903702196
    },
    "l": {
      "size": [
        0.2863122645458351,
        0.7157806613645876
      ],
      "offset": [
        -0.037672666387609875,
        0.007534533277521975
      ],
      "remainder": 4.30268368966421e-05
    },
    "m": {
      "size": [
        0.8061950606948514,
        0.4596065299288405
      ],
      "offset": [
        -0.022603599832565924,
        0.007534533277521975
      ],
      "remainder": 0.00010051124866799967
    },
    "n": {
      "size": [
        0.5650899958141482,
        0.4596065299288405
      ],
      "offset": [
        -0.0301381331100879,
        0.007534533277521975
      ],
      "remainder": 3.9581262995733616e-05
    },
    "o": {
      "size": [
        0.5048137295939723,
        0.45207199665131853
      ],
      "offset": [
        -0.01506906655504395,
        0.022603599832565924
      ],
      "remainder": 0.00043565729976093834
    },
    "p": {
      "size": [
        0.5500209292591042,
        0.7007115948095437
      ],
      "offset": [
        -0.037672666387609875,
        0.007534533277521975
      ],
      "remainder": 0.0004992506209349878
    },
    "q": {
      "size": [
        0.5424863959815822,
        0.7308497279196317
      ],
      "offset": [
        -0.01506906655504395,
        0.0301381331100879
      ],
      "remainder": 0.0015562042280783677
    },
    "r": {
      "size": [
        0.4143993302637086,
        0.4596065299288405
      ],
      "offset": [
        -0.04520719966513185,
        0.007534533277521975
      ],
      "remainder": 0.0002866419489975242
    },
    "s": {
      "size": [
        0.3616575973210548,
        0.45207199665131853
      ],
      "offset": [
        -0.022603599832565924,
        0.022603599832565924
      ],
      "remainder": 0.0011070455999755218
    },
    "t": {
      "size": [
        0.37672666387609877,
        0.5349518627040603
      ],
      "offset": [
        -0.05274173294265383,
        0.022603599832565924
      ],
      "remainder": 0.00019437666375322768
    },
    "u": {
      "size": [
        0.5500209292591042,
        0.4596065299288405
      ],
      "offset": [
        -0.01506906655504395,
        0.0301381331100879
      ],
      "remainder": 2.6046942285971992e-05
    },
    "v": {
      "size": [
        0.4897446630389284,
        0.45207199665131853
      ],
      "offset": [
        -0.05274173294265383,
        0.0301381331100879
      ],
      "remainder": 7.202819251046644e-05
    },
    "w": {
      "size": [
        0.7534533277521975,
        0.4596065299288405
      ],
      "offset": [
        -0.0602762662201758,
        0.0301381331100879
      ],
      "remainder": 0.003703015475815131
    },
    "x": {
      "size": [
        0.5048137295939723,
        0.43700293009627456
      ],
      "offset": [
        -0.022603599832565924,
        0.0301381331100879
      ],
      "remainder": 0.004273357731721497
    },
    "y": {
      "size": [
        0.4897446630389284,
        0.7157806613645876
      ],
      "offset": [
        -0.04520719966513185,
        0.01506906655504395
      ],
      "remainder": 0.002309261409971411
    },
    "z": {
      "size": [
        0.43700293009627456,
        0.44453746337379657
      ],
      "offset": [
        -0.037672666387609875,
        0.022603599832565924
      ],
      "remainder": 0.00043088085631158633
    },
    "A": {
      "size": [
        0.7383842611971536,
        0.6931770615320217
      ],
      "offset": [
        -0.04520719966513185,
        0.0
      ],
      "remainder": 0.0006966971713035577
    },
    "B": {
      "size": [
        0.625366262034324,
        0.6705734616994558
      ],
      "offset": [
        -0.0301381331100879,
        0.007534533277521975
      ],
      "remainder": 0.0001329150752505358
    },
    "C": {
      "size": [
        0.7082461280870657,
        0.6856425282544998
      ],
      "offset": [
        0.0,
        0.0
      ],
      "remainder": 0.0004608991218442735
    },
    "D": {
      "size": [
        0.7685223943072415,
        0.6705734616994558
      ],
      "offset": [
        -0.01506906655504395,
        0.007534533277521975
      ],
      "remainder": 0.0
    },
    "E": {
      "size": [
        0.5726245290916702,
        0.6705734616994558
      ],
      "offset": [
        -0.022603599832565924,
        0.007534533277521975
      ],
      "remainder": 0.0018318022480041613
    },
    "F": {
      "size": [
        0.5424863959815822,
        0.6705734616994558
      ],
      "offset": [
        -0.0301381331100879,
        0.01506906655504395
      ],
      "remainder": 0.0006424066335944786
    },
    "G": {
      "size": [
        0.7157806613645876,
        0.6856425282544998
      ],
      "offset": [
        0.007534533277521975,
        0.007534533277521975
      ],
      "remainder": 0.0030266969451461976
    },
    "H": {
      "size": [
        0.7986605274173294,
        0.6630389284219338
      ],
      "offset": [
        -0.01506906655504395,
        0.0
      ],
      "remainder": 0.00014582360524099727
    },
    "I": {
      "size": [
        0.3616575973210548,
        0.6630389284219338
      ],
      "offset": [
        -0.022603599832565924,
        0.007534533277521975
      ],
      "remainder": 0.0
    },
    "J": {
      "size": [
        0.45207199665131853,
        0.8589367936375052
      ],