{
  "base_font": "Aptos",
  "overlay_font": "IBMPlexSans-Bold",
  "font_scale": 1.02734375,
  "characters": {
    "a": {
      "size": [
        0.5703422053231939,
        0.5551330798479087
      ],
      "offset": [
        -0.022813688212927757,
        0.030418250950570342
      ],
      "remainder": 0.0017238916626423956
    },
    "b": {
      "size": [
        0.6083650190114068,
        0.7604562737642585
      ],
      "offset": [
        -0.053231939163498096,
        0.030418250950570342
      ],
      "remainder": 0.000160157724803742
    },
    "c": {
      "size": [
        0.5171102661596958,
        0.5551330798479087
      ],
      "offset": [
        0.0076045627376425855,
        0.022813688212927757
      ],
      "remainder": 0.0019296597395997547
    },
    "d": {
      "size": [
        0.6083650190114068,
        0.7604562737642585
      ],
      "offset": [
        -0.0076045627376425855,
        0.022813688212927757
      ],
      "remainder": 0.00010950752239290451
    },
    "e": {
      "size": [
        0.5627376425855514,
        0.5551330798479087
      ],
      "offset": [
        -0.015209125475285171,
        0.0
      ],
      "remainder": 0.0006304884067746102
    },
    "f": {
      "size": [
        0.3650190114068441,
        0.7452471482889734
      ],
      "offset": [
        -0.0076045627376425855,
        0.045627376425855515
      ],
      "remainder": 0.00019419307719016778
    },
    "g": {
      "size": [
        0.5627376425855514,
        0.844106463878327
      ],
      "offset": [
        -0.030418250950570342,
        0.015209125475285171
      ],
      "remainder": 0.0061278997032017226
    },
    "h": {
      "size": [
        0.6007604562737643,
        0.7452471482889734
      ],
      "offset": [
        -0.053231939163498096,
        0.015209125475285171
      ],
      "remainder": 5.05075902401126e-05
    },
    "i": {
      "size": [
        0.2889733840304182,
        0.7452471482889734
      ],
      "offset": [
        -0.022813688212927757,
        0.022813688212927757
      ],
      "remainder": 0.0
    },
    "j": {
      "size": [
        0.3041825095057034,
        0.9429657794676806
      ],
      "offset": [
        -0.030418250950570342,
        0.015209125475285171
      ],
      "remainder": 2.743687881557399e-06
    },
    "k": {
      "size": [
        0.5855513307984791,
        0.7452471482889734
      ],
      "offset": [
        -0.053231939163498096,
        0.045627376425855515
      ],
      "remainder": 0.0002222552145900765
    },
    "l": {
      "size": [
        0.3041825095057034,
        0.7452471482889734
      ],
      "offset": [
        -0.022813688212927757,
        0.0076045627376425855
      ],
      "remainder": 0.0
    },
    "m": {
      "size": [
        0.8973384030418251,
        0.5399239543726235
      ],
      "offset": [
        -0.053231939163498096,
        0.015209125475285171
      ],
      "remainder": 9.038365600667297e-05
    },
    "n": {
      "size": [
        0.6007604562737643,
        0.5399239543726235
      ],
      "offset": [
        -0.053231939163498096,
        0.015209125475285171
      ],
      "remainder": 5.05075902401126e-05
    },
    "o": {
      "size": [
        0.5627376425855514,
        0.5551330798479087
      ],
      "offset": [
        -0.015209125475285171,
        0.0076045627376425855
      ],
      "remainder": 0.0
    },
    "p": {
      "size": [
        0.6083650190114068,
        0.7376425855513308
      ],
      "offset": [
        -0.053231939163498096,
        0.030418250950570342
      ],
      "remainder": 0.00014527763476650585
    },
    "q": {
      "size": [
        0.6083650190114068,
        0.7376425855513308
      ],
      "offset": [
        -0.0076045627376425855,
        0.022813688212927757
      ],
      "remainder": 0.00010145099901688064
    },
    "r": {
      "size": [
        0.40304182509505704,
        0.5247148288973384
      ],
      "offset": [
        -0.053231939163498096,
        0.0
      ],
      "remainder": 6.640192952138451e-05
    },
    "s": {
      "size": [
        0.5095057034220533,
        0.5551330798479087
      ],
      "offset": [
        -0.015209125475285171,
        0.022813688212927757
      ],
      "remainder": 0.0026229938179220392
    },
    "t": {
      "size": [
        0.38783269961977185,
        0.6692015209125475
      ],
      "offset": [
        -0.030418250950570342,
        0.0076045627376425855
      ],
      "remainder": 0.0
    },
    "u": {
      "size": [
        0.6007604562737643,
        0.5399239543726235
      ],
      "offset": [
        -0.015209125475285171,
        0.03802281368821293
      ],
      "remainder": 5.357268764076632e-05
    },
    "v": {
      "size": [
        0.5399239543726235,
        0.5247148288973384
      ],
      "offset": [
        -0.053231939163498096,
        0.0076045627376425855
      ],
      "remainder": 0.0
    },
    "w": {
      "size": [
        0.844106463878327,
        0.5247148288973384
      ],
      "offset": [
        -0.06844106463878327,
        0.0
      ],
      "remainder": 0.00024038771353578406
    },
    "x": {
      "size": [
        0.5627376425855514,
        0.5247148288973384
      ],
      "offset": [
        -0.060836501901140684,
        0.0
      ],
      "remainder": 0.0
    },
    "y": {
      "size": [
        0.532319391634981,
        0.7224334600760456
      ],
      "offset": [
        -0.045627376425855515,
        0.0
      ],
      "remainder": 0.0
    },
    "z": {
      "size": [
        0.5171102661596958,
        0.5247148288973384
      ],
      "offset": [
        -0.03802281368821293,
        0.0
      ],
      "remainder": 0.0
    },
    "A": {
      "size": [
        0.6844106463878327,
        0.6996197718631179
      ],
      "offset": [
        -0.053231939163498096,
        0.03802281368821293
      ],
      "remainder": 0.0
    },
    "B": {
      "size": [
        0.6692015209125475,
        0.6996197718631179
      ],
      "offset": [
        -0.045627376425855515,
        0.022813688212927757
      ],
      "remainder": 0.0
    },
    "C": {
      "size": [
        0.6539923954372624,
        0.7300380228136882
      ],
      "offset": [
        0.0,
        0.022813688212927757
      ],
      "remainder": 0.005728992708420637
    },
    "D": {
      "size": [
        0.6996197718631179,
        0.6996197718631179
      ],
      "offset": [
        -0.015209125475285171,
        0.015209125475285171
      ],
      "remainder": 0.0
    },
    "E": {
      "size": [
        0.6083650190114068,
        0.6996197718631179
      ],
      "offset": [
        -0.030418250950570342,
        0.0076045627376425855
      ],
      "remainder": 0.0
    },
    "F": {
      "size": [
        0.5855513307984791,
        0.6996197718631179
      ],
      "offset": [
        -0.030418250950570342,
        0.0076045627376425855
      ],
      "remainder": 0.0
    },
    "G": {
      "size": [
        0.7224334600760456,
        0.7300380228136882
      ],
      "offset": [
        -0.0076045627376425855,
        0.060836501901140684
      ],
      "remainder": 0.0013803857712431605
    },
    "H": {
      "size": [
        0.7300380228136882,
        0.6996197718631179
      ],
      "offset": [
        -0.022813688212927757,
        0.0
      ],
      "remainder": 0.0
    },
    "I": {
      "size": [
        0.43346007604562736,
        0.6996197718631179
      ],
      "offset": [
        -0.09125475285171103,
        0.0
      ],
      "remainder": 0.0
    },
    "J": {
      "size": [
        0.5627376425855514,
        0.714828897338403
      ],
      "offset": [
        -0.18250950570342206,
        0.022813688212927757
      ],
      "remainder": 0.0
    },
    "K": {
      "size": [
        0.6996197718631179,
        0.6996197718631179
      ],
      "offset": [
        -0.060836501901140684,
        0.045627376425855515
      ],