{
  "base_font": "Arial-Italic",
  "overlay_font": "LiberationSans-BoldItalic",
  "font_scale": 1.05859375,
  "characters": {
    "a": {
      "size": [
        0.5608856088560885,
        0.5461254612546126
      ],
      "offset": [
        0.007380073800738007,
        0.02952029520295203
      ],
      "remainder": 0.0013945698287456646
    },
    "b": {
      "size": [
        0.6125461254612546,
        0.7380073800738007
      ],
      "offset": [
        -0.03690036900369004,
        0.02214022140221402
      ],
      "remainder": 0.0002655880290918186
    },
    "c": {
      "size": [
        0.5608856088560885,
        0.5461254612546126
      ],
      "offset": [
        -0.014760147601476014,
        0.014760147601476014
      ],
      "remainder": 0.0013158383320761645
    },
    "d": {
      "size": [
        0.6346863468634686,
        0.7380073800738007
      ],
      "offset": [
        -0.02214022140221402,
        0.02214022140221402
      ],
      "remainder": 0.00012787735353317662
    },
    "e": {
      "size": [
        0.5608856088560885,
        0.5461254612546126
      ],
      "offset": [
        0.0,
        0.014760147601476014
      ],
      "remainder": 0.0016791023947403778
    },
    "f": {
      "size": [
        0.42066420664206644,
        0.7306273062730627
      ],
      "offset": [
        -0.02214022140221402,
        0.03690036900369004
      ],
      "remainder": 8.301252246607307e-05
    },
    "g": {
      "size": [
        0.6199261992619927,
        0.7453874538745388
      ],
      "offset": [
        -0.014760147601476014,
        0.007380073800738007
      ],
      "remainder": 0.0022152964856476547
    },
    "h": {
      "size": [
        0.6125461254612546,
        0.7306273062730627
      ],
      "offset": [
        -0.02952029520295203,
        0.014760147601476014
      ],
      "remainder": 4.5367698609398305e-05
    },
    "i": {
      "size": [
        0.3025830258302583,
        0.7306273062730627
      ],
      "offset": [
        -0.007380073800738007,
        0.02952029520295203
      ],
      "remainder": 0.0
    },
    "j": {
      "size": [
        0.4132841328413284,
        0.9372693726937269
      ],
      "offset": [
        -0.03690036900369004,
        0.02952029520295203
      ],
      "remainder": 0.000924655808452698
    },
    "k": {
      "size": [
        0.6051660516605166,
        0.7306273062730627
      ],
      "offset": [
        -0.02952029520295203,
        0.02952029520295203
      ],
      "remainder": 1.3178854552880247e-05
    },
    "l": {
      "size": [
        0.3025830258302583,
        0.7306273062730627
      ],
      "offset": [
        -0.02214022140221402,
        0.0
      ],
      "remainder": 0.0
    },
    "m": {
      "size": [
        0.8929889298892989,
        0.5461254612546126
      ],
      "offset": [
        -0.03690036900369004,
        0.014760147601476014
      ],
      "remainder": 0.0011231602431324658
    },
    "n": {
      "size": [
        0.6125461254612546,
        0.5387453874538746
      ],
      "offset": [
        -0.02952029520295203,
        0.014760147601476014
      ],
      "remainder": 1.0243598083781991e-05
    },
    "o": {
      "size": [
        0.6125461254612546,
        0.5461254612546126
      ],
      "offset": [
        -0.02214022140221402,
        0.014760147601476014
      ],
      "remainder": 1.1687812379853905e-05
    },
    "p": {
      "size": [
        0.6346863468634686,
        0.7453874538745388
      ],
      "offset": [
        -0.03690036900369004,
        0.02214022140221402
      ],
      "remainder": 0.0001393038876450234
    },
    "q": {
      "size": [
        0.6125461254612546,
        0.7453874538745388
      ],
      "offset": [
        -0.02214022140221402,
        0.014760147601476014
      ],
      "remainder": 0.0003220108316072206
    },
    "r": {
      "size": [
        0.44280442804428044,
        0.5387453874538746
      ],
      "offset": [
        -0.02952029520295203,
        0.0
      ],
      "remainder": 4.692525765309855e-05
    },
    "s": {
      "size": [
        0.5608856088560885,
        0.5461254612546126
      ],
      "offset": [
        -0.014760147601476014,
        0.014760147601476014
      ],
      "remainder": 0.003947603862767713
    },
    "t": {
      "size": [
        0.36900369003690037,
        0.6642066420664207
      ],
      "offset": [
        -0.02952029520295203,
        0.007380073800738007
      ],
      "remainder": 0.00038794128954926834
    },
    "u": {
      "size": [
        0.6125461254612546,
        0.5387453874538746
      ],
      "offset": [
        -0.02214022140221402,
        0.014760147601476014
      ],
      "remainder": 2.0347244671666076e-05
    },
    "v": {
      "size": [
        0.6051660516605166,
        0.5313653136531366
      ],
      "offset": [
        -0.02214022140221402,
        0.0
      ],
      "remainder": 6.704900563930033e-08
    },
    "w": {
      "size": [
        0.8413284132841329,
        0.5313653136531366
      ],
      "offset": [
        -0.02952029520295203,
        0.014760147601476014
      ],
      "remainder": 0.012505801734493921
    },
    "x": {
      "size": [
        0.6420664206642066,
        0.5313653136531366
      ],
      "offset": [
        -0.02214022140221402,
        0.02214022140221402
      ],
      "remainder": 0.0002853222542833539
    },
    "y": {
      "size": [
        0.6494464944649446,
        0.7380073800738007
      ],
      "offset": [
        -0.02214022140221402,
        0.0
      ],
      "remainder": 3.6637492367189104e-06
    },
    "z": {
      "size": [
        0.5313653136531366,
        0.5313653136531366
      ],
      "offset": [
        -0.007380073800738007,
        0.02952029520295203
      ],
      "remainder": 0.0
    },
    "A": {
      "size": [
        0.7453874538745388,
        0.6937269372693727
      ],
      "offset": [
        -0.02952029520295203,
        0.014760147601476014
      ],
      "remainder": 1.0642699307825406e-09
    },
    "B": {
      "size": [
        0.7232472324723247,
        0.6937269372693727
      ],
      "offset": [
        -0.02214022140221402,
        0.007380073800738007
      ],
      "remainder": 2.817335360767552e-05
    },
    "C": {
      "size": [
        0.7380073800738007,
        0.7084870848708487
      ],
      "offset": [
        0.007380073800738007,
        0.007380073800738007
      ],
      "remainder": 0.002336855800736741
    },
    "D": {
      "size": [
        0.7232472324723247,
        0.6937269372693727
      ],
      "offset": [
        0.007380073800738007,
        0.007380073800738007
      ],
      "remainder": 2.3804525541813174e-05
    },
    "E": {
      "size": [
        0.7011070110701108,
        0.6937269372693727
      ],
      "offset": [
        0.007380073800738007,
        0.007380073800738007
      ],
      "remainder": 0.0
    },
    "F": {
      "size": [
        0.6346863468634686,
        0.6937269372693727
      ],
      "offset": [
        0.02214022140221402,
        -0.014760147601476014
      ],
      "remainder": 0.0008477074960522237
    },
    "G": {
      "size": [
        0.7822878228782287,
        0.7084870848708487
      ],
      "offset": [
        -0.007380073800738007,
        0.014760147601476014
      ],
      "remainder": 0.0016858051667644463
    },
    "H": {
      "size": [
        0.7453874538745388,
        0.6937269372693727
      ],
      "offset": [
        -0.007380073800738007,
        0.0
      ],
      "remainder": 0.0
    },
    "I": {
      "size": [
        0.3025830258302583,
        0.6937269372693727
      ],
      "offset": [
        0.0,
        0.007380073800738007
      ],
      "remainder": 0.0
    },
    "J": {
      "size": [
        0.5756457564575646,
        0.7011070110701108
      ],
      "offset": [
        -0.02952029520295203,
        0.0
      ],
      "remainder": 0.00025867559589138597
    },