{
  "base_font": "Arial",
  "overlay_font": "LiberationSans-Bold",
  "font_scale": 1.04296875,
  "characters": {
    "a": {
      "size": [
        0.5692883895131086,
        0.5468164794007491
      ],
      "offset": [
        -0.00749063670411985,
        0.0299625468164794
      ],
      "remainder": 0.0010056041793880181
    },
    "b": {
      "size": [
        0.6142322097378277,
        0.7340823970037453
      ],
      "offset": [
        -0.0599250936329588,
        0.0149812734082397
      ],
      "remainder": 0.0006093142243667262
    },
    "c": {
      "size": [
        0.5617977528089888,
        0.5468164794007491
      ],
      "offset": [
        -0.02247191011235955,
        0.00749063670411985
      ],
      "remainder": 0.0005069830741170884
    },
    "d": {
      "size": [
        0.6142322097378277,
        0.7340823970037453
      ],
      "offset": [
        -0.0299625468164794,
        0.0149812734082397
      ],
      "remainder": 0.0006004924909104696
    },
    "e": {
      "size": [
        0.5617977528089888,
        0.5468164794007491
      ],
      "offset": [
        -0.0149812734082397,
        0.00749063670411985
      ],
      "remainder": 0.001512722947921281
    },
    "f": {
      "size": [
        0.33707865168539325,
        0.7265917602996255
      ],
      "offset": [
        -0.02247191011235955,
        0.02247191011235955
      ],
      "remainder": 0.0
    },
    "g": {
      "size": [
        0.6142322097378277,
        0.7490636704119851
      ],
      "offset": [
        -0.0299625468164794,
        0.00749063670411985
      ],
      "remainder": 0.002654760678951002
    },
    "h": {
      "size": [
        0.6142322097378277,
        0.7265917602996255
      ],
      "offset": [
        -0.052434456928838954,
        0.0
      ],
      "remainder": 0.0002618731948984221
    },
    "i": {
      "size": [
        0.27715355805243447,
        0.7265917602996255
      ],
      "offset": [
        -0.0149812734082397,
        0.0299625468164794
      ],
      "remainder": 0.0
    },
    "j": {
      "size": [
        0.299625468164794,
        0.9363295880149812
      ],
      "offset": [
        -0.0299625468164794,
        0.0299625468164794
      ],
      "remainder": 0.00042024401048838014
    },
    "k": {
      "size": [
        0.5617977528089888,
        0.7265917602996255
      ],
      "offset": [
        -0.052434456928838954,
        0.00749063670411985
      ],
      "remainder": 1.0430909591599716e-05
    },
    "l": {
      "size": [
        0.27715355805243447,
        0.7265917602996255
      ],
      "offset": [
        -0.0299625468164794,
        0.0
      ],
      "remainder": 0.0
    },
    "m": {
      "size": [
        0.8913857677902621,
        0.5393258426966292
      ],
      "offset": [
        -0.052434456928838954,
        0.0
      ],
      "remainder": 0.0007641250570382165
    },
    "n": {
      "size": [
        0.6142322097378277,
        0.5393258426966292
      ],
      "offset": [
        -0.052434456928838954,
        0.0
      ],
      "remainder": 0.00026158424561221463
    },
    "o": {
      "size": [
        0.6142322097378277,
        0.5468164794007491
      ],
      "offset": [
        -0.0449438202247191,
        0.0149812734082397
      ],
      "remainder": 0.0
    },
    "p": {
      "size": [
        0.6142322097378277,
        0.7490636704119851
      ],
      "offset": [
        -0.0599250936329588,
        0.0149812734082397
      ],
      "remainder": 0.0006176511828695111
    },
    "q": {
      "size": [
        0.6142322097378277,
        0.7490636704119851
      ],
      "offset": [
        -0.0299625468164794,
        0.0149812734082397
      ],
      "remainder": 0.0005574007335480499
    },
    "r": {
      "size": [
        0.3895131086142322,
        0.5393258426966292
      ],
      "offset": [
        -0.052434456928838954,
        0.00749063670411985
      ],
      "remainder": 0.0007538772018747115
    },
    "s": {
      "size": [
        0.5617977528089888,
        0.5468164794007491
      ],
      "offset": [
        -0.0449438202247191,
        0.0149812734082397
      ],
      "remainder": 0.002460189253800442
    },
    "t": {
      "size": [
        0.33707865168539325,
        0.6666666666666666
      ],
      "offset": [
        -0.03745318352059925,
        0.0
      ],
      "remainder": 0.00022408629100598786
    },
    "u": {
      "size": [
        0.6142322097378277,
        0.5393258426966292
      ],
      "offset": [
        -0.0299625468164794,
        0.0299625468164794
      ],
      "remainder": 0.00024085439590043224
    },
    "v": {
      "size": [
        0.5617977528089888,
        0.5318352059925093
      ],
      "offset": [
        -0.03745318352059925,
        0.0
      ],
      "remainder": 1.0765622484830828e-05
    },
    "w": {
      "size": [
        0.7940074906367042,
        0.5318352059925093
      ],
      "offset": [
        -0.052434456928838954,
        0.0149812734082397
      ],
      "remainder": 0.010045454436608757
    },
    "x": {
      "size": [
        0.5617977528089888,
        0.5318352059925093
      ],
      "offset": [
        -0.03745318352059925,
        0.00749063670411985
      ],
      "remainder": 4.954176527792742e-07
    },
    "y": {
      "size": [
        0.5617977528089888,
        0.7415730337078652
      ],
      "offset": [
        -0.03745318352059925,
        -0.00749063670411985
      ],
      "remainder": 2.2935017008363837e-07
    },
    "z": {
      "size": [
        0.50187265917603,
        0.5318352059925093
      ],
      "offset": [
        -0.0149812734082397,
        0.0149812734082397
      ],
      "remainder": 0.0005121783077842032
    },
    "A": {
      "size": [
        0.7265917602996255,
        0.6891385767790262
      ],
      "offset": [
        -0.0449438202247191,
        0.0
      ],
      "remainder": 9.956245202470705e-07
    },
    "B": {
      "size": [
        0.7265917602996255,
        0.6891385767790262
      ],
      "offset": [
        -0.0449438202247191,
        0.0
      ],
      "remainder": 5.900525350244583e-05
    },
    "C": {
      "size": [
        0.7265917602996255,
        0.7116104868913857
      ],
      "offset": [
        -0.00749063670411985,
        0.0
      ],
      "remainder": 0.0007320580718887732
    },
    "D": {
      "size": [
        0.7265917602996255,
        0.6891385767790262
      ],
      "offset": [
        0.0,
        0.0
      ],
      "remainder": 0.00022495579953943717
    },
    "E": {
      "size": [
        0.6666666666666666,
        0.6891385767790262
      ],
      "offset": [
        -0.0149812734082397,
        0.0
      ],
      "remainder": 0.0
    },
    "F": {
      "size": [
        0.6142322097378277,
        0.6891385767790262
      ],
      "offset": [
        0.0,
        -0.0299625468164794
      ],
      "remainder": 0.001678811316914309
    },
    "G": {
      "size": [
        0.7790262172284644,
        0.7116104868913857
      ],
      "offset": [
        -0.02247191011235955,
        0.00749063670411985
      ],
      "remainder": 0.0014697530494659358
    },
    "H": {
      "size": [
        0.7265917602996255,
        0.6891385767790262
      ],
      "offset": [
        -0.0149812734082397,
        0.0
      ],
      "remainder": 0.0
    },
    "I": {
      "size": [
        0.27715355805243447,
        0.6891385767790262
      ],
      "offset": [
        0.0,
        0.0
      ],
      "remainder": 0.0
    },
    "J": {
      "size": [
        0.5617977528089888,
        0.6966292134831461
      ],
      "offset": [
        -0.0449438202247191,
        0.0
      ],
      "remainder": 0.00015378647286311224
    },
    "K": {
      "size": [
        0.7265917602996255,
        0.6891385767790262
      ],
      "offset": [
        -0.0299625468164794,
        0.0
      ],
      "remainder": 7.010346034064622e-06
    },