{
  "base_font": "Arial-Bold",
  "overlay_font": "UnBPro-Extrabold",
  "font_scale": 1.0099826388888888,
  "characters": {
    "a": {
      "size": [
        0.6420283626987537,
        0.5801461108723679
      ],
      "offset": [
        -0.007735281478298239,
        0.015470562956596478
      ],
      "remainder": 0.0010655763221225798
    },
    "b": {
      "size": [
        0.649763644177052,
        0.7967339922647185
      ],
      "offset": [
        -0.06188225182638591,
        0.015470562956596478
      ],
      "remainder": 0.0004758249754885331
    },
    "c": {
      "size": [
        0.6110872367855609,
        0.5801461108723679
      ],
      "offset": [
        -0.023205844434894714,
        0.015470562956596478
      ],
      "remainder": 0.0
    },
    "d": {
      "size": [
        0.6574989256553503,
        0.8122045552213151
      ],
      "offset": [
        0.015470562956596478,
        0.015470562956596478
      ],
      "remainder": 0.0002796092532949132
    },
    "e": {
      "size": [
        0.6420283626987537,
        0.5724108293940696
      ],
      "offset": [
        -0.03867640739149119,
        0.015470562956596478
      ],
      "remainder": 0.0
    },
    "f": {
      "size": [
        0.4563816072195961,
        0.8044692737430168
      ],
      "offset": [
        -0.030941125913192955,
        0.015470562956596478
      ],
      "remainder": 0.0
    },
    "g": {
      "size": [
        0.649763644177052,
        0.8122045552213151
      ],
      "offset": [
        0.015470562956596478,
        0.007735281478298239
      ],
      "remainder": 0.0008875021451690793
    },
    "h": {
      "size": [
        0.649763644177052,
        0.7967339922647185
      ],
      "offset": [
        -0.06961753330468415,
        0.0
      ],
      "remainder": 7.923915342648356e-05
    },
    "i": {
      "size": [
        0.324881822088526,
        0.7967339922647185
      ],
      "offset": [
        0.0,
        0.023205844434894714
      ],
      "remainder": 0.0
    },
    "j": {
      "size": [
        0.3712935109583154,
        1.0442629995702621
      ],
      "offset": [
        -0.06961753330468415,
        0.030941125913192955
      ],
      "remainder": 0.0
    },
    "k": {
      "size": [
        0.649763644177052,
        0.7967339922647185
      ],
      "offset": [
        -0.07735281478298238,
        0.007735281478298239
      ],
      "remainder": 0.00025240491745921517
    },
    "l": {
      "size": [
        0.324881822088526,
        0.7967339922647185
      ],
      "offset": [
        -0.023205844434894714,
        0.0
      ],
      "remainder": 0.0
    },
    "m": {
      "size": [
        0.9591749033089816,
        0.5646755479157715
      ],
      "offset": [
        -0.07735281478298238,
        0.0
      ],
      "remainder": 0.0002715899793664667
    },
    "n": {
      "size": [
        0.649763644177052,
        0.5646755479157715
      ],
      "offset": [
        -0.06961753330468415,
        0.0
      ],
      "remainder": 0.00010306496436691235
    },
    "o": {
      "size": [
        0.6420283626987537,
        0.5801461108723679
      ],
      "offset": [
        -0.007735281478298239,
        0.015470562956596478
      ],
      "remainder": 0.0
    },
    "p": {
      "size": [
        0.6574989256553503,
        0.8044692737430168
      ],
      "offset": [
        -0.06188225182638591,
        0.015470562956596478
      ],
      "remainder": 0.0002806070063550218
    },
    "q": {
      "size": [
        0.649763644177052,
        0.8044692737430168
      ],
      "offset": [
        0.015470562956596478,
        0.015470562956596478
      ],
      "remainder": 0.0004099248492395127
    },
    "r": {
      "size": [
        0.4641168886978943,
        0.5646755479157715
      ],
      "offset": [
        -0.06188225182638591,
        0.0
      ],
      "remainder": 0.00022782453913786153
    },
    "s": {
      "size": [
        0.5801461108723679,
        0.5956166738289643
      ],
      "offset": [
        -0.007735281478298239,
        0.007735281478298239
      ],
      "remainder": 0.0
    },
    "t": {
      "size": [
        0.4641168886978943,
        0.7193811774817361
      ],
      "offset": [
        -0.07735281478298238,
        0.023205844434894714
      ],
      "remainder": 0.0
    },
    "u": {
      "size": [
        0.649763644177052,
        0.5646755479157715
      ],
      "offset": [
        0.023205844434894714,
        0.03867640739149119
      ],
      "remainder": 2.717293987273992e-05
    },
    "v": {
      "size": [
        0.6265577997421573,
        0.5569402664374732
      ],
      "offset": [
        -0.03867640739149119,
        0.0
      ],
      "remainder": 5.920533624943295e-05
    },
    "w": {
      "size": [
        1.0133218736570693,
        0.5569402664374732
      ],
      "offset": [
        -0.11602922217447358,
        0.0
      ],
      "remainder": 0.008525013935284405
    },
    "x": {
      "size": [
        0.6729694886119467,
        0.5569402664374732
      ],
      "offset": [
        -0.05414697034808767,
        0.007735281478298239
      ],
      "remainder": 0.0
    },
    "y": {
      "size": [
        0.618822518263859,
        0.7967339922647185
      ],
      "offset": [
        -0.03867640739149119,
        0.0
      ],
      "remainder": 0.0
    },
    "z": {
      "size": [
        0.5414697034808766,
        0.5569402664374732
      ],
      "offset": [
        -0.023205844434894714,
        0.0
      ],
      "remainder": 0.0
    },
    "A": {
      "size": [
        0.8122045552213151,
        0.7193811774817361
      ],
      "offset": [
        -0.05414697034808767,
        0.007735281478298239
      ],
      "remainder": 1.661059294468856e-05
    },
    "B": {
      "size": [
        0.6961753330468414,
        0.7193811774817361
      ],
      "offset": [
        0.030941125913192955,
        0.007735281478298239
      ],
      "remainder": 1.0851296214258825e-05
    },
    "C": {
      "size": [
        0.8122045552213151,
        0.7425870219166308
      ],
      "offset": [
        -0.04641168886978943,
        0.0
      ],
      "remainder": 0.0
    },
    "D": {
      "size": [
        0.7812634293081221,
        0.7193811774817361
      ],
      "offset": [
        0.030941125913192955,
        0.0
      ],
      "remainder": 2.833086555743133e-06
    },
    "E": {
      "size": [
        0.6033519553072626,
        0.7193811774817361
      ],
      "offset": [
        0.030941125913192955,
        0.0
      ],
      "remainder": 0.0028050749711649365
    },
    "F": {
      "size": [
        0.5956166738289643,
        0.7193811774817361
      ],
      "offset": [
        0.015470562956596478,
        0.007735281478298239
      ],
      "remainder": 0.0
    },
    "G": {
      "size": [
        0.8122045552213151,
        0.7425870219166308
      ],
      "offset": [
        -0.03867640739149119,
        0.007735281478298239
      ],
      "remainder": 0.0003695815689733387
    },
    "H": {
      "size": [
        0.8044692737430168,
        0.7193811774817361
      ],
      "offset": [
        -0.04641168886978943,
        0.0
      ],
      "remainder": 0.0
    },
    "I": {
      "size": [
        0.3635582294800172,
        0.7193811774817361
      ],
      "offset": [
        -0.03867640739149119,
        0.0
      ],
      "remainder": 0.0
    },
    "J": {
      "size": [
        0.6884400515685433,
        0.7271164589600344
      ],
      "offset": [
        -0.1005586592178771,
        0.007735281478298239
      ],
      "remainder": 5.429851973356003e-05
    },
    "K": {
      "size": [
        0.7967339922647185,
        0.7193811774817361
      ],
      "offset": [
        -0.04641168886978943,
        0.0
      ],
      "remainder": 3.192809792347637e-08
    },
    "L": {
      "size": [
        0.6033519553072626,
        0.7193811774817361
      ],