{
  "base_font": "Arial-Italic",
  "overlay_font": "LiberationSans-BoldItalic",
  "overlay_font_path": "fonts/LiberationSans-BoldItalic.ttf",
  "font_scale": 1.05859375,
  "total_overlap": 1457.0390772779697,
  "offsets": {
    "a": [
      [
        0.007380073800738007,
        0.02952029520295203
      ],
      40.30306805074971
    ],
    "b": [
      [
        -0.03690036900369004,
        0.02214022140221402
      ],
      7.675494040753556
    ],
    "c": [
      [
        -0.014760147601476014,
        0.014760147601476014
      ],
      38.027727797001155
    ],
    "d": [
      [
        -0.02214022140221402,
        0.02214022140221402
      ],
      3.6956555171088046
    ],
    "e": [
      [
        0.0,
        0.014760147601476014
      ],
      48.526059207996916
    ],
    "f": [
      [
        -0.02214022140221402,
        0.03690036900369004
      ],
      2.399061899269512
    ],
    "g": [
      [
        -0.014760147601476014,
        0.007380073800738007
      ],
      64.02206843521722
    ],
    "h": [
      [
        -0.02952029520295203,
        0.014760147601476014
      ],
      1.311126489811611
    ],
    "i": [
      [
        -0.007380073800738007,
        0.02952029520295203
      ],
      0.0
    ],
    "j": [
      [
        -0.03690036900369004,
        0.02952029520295203
      ],
      26.72255286428297
    ],
    "k": [
      [
        -0.02952029520295203,
        0.02952029520295203
      ],
      0.3808688965782392
    ],
    "l": [
      [
        0.0,
        0.0
      ],
      0.0
    ],
    "m": [
      [
        -0.03690036900369004,
        0.014760147601476014
      ],
      32.45933102652826
    ],
    "n": [
      [
        -0.02952029520295203,
        0.014760147601476014
      ],
      0.29603998462129955
    ],
    "o": [
      [
        -0.02214022140221402,
        0.014760147601476014
      ],
      0.33777777777777784
    ],
    "p": [
      [
        -0.03690036900369004,
        0.02214022140221402
      ],
      4.025882352941177
    ],
    "q": [
      [
        -0.02214022140221402,
        0.014760147601476014
      ],
      9.306113033448673
    ],
    "r": [
      [
        -0.02952029520295203,
        0.0
      ],
      1.3561399461745485
    ],
    "s": [
      [
        -0.014760147601476014,
        0.014760147601476014
      ],
      114.08575163398692
    ],
    "t": [
      [
        -0.02952029520295203,
        0.007380073800738007
      ],
      11.211503267973855
    ],
    "u": [
      [
        -0.02214022140221402,
        0.014760147601476014
      ],
      0.5880353710111496
    ],
    "v": [
      [
        -0.02214022140221402,
        0.0
      ],
      0.0019377162629757795
    ],
    "w": [
      [
        -0.02952029520295203,
        0.014760147601476014
      ],
      361.41767012687427
    ],
    "x": [
      [
        -0.02214022140221402,
        0.02214022140221402
      ],
      8.245813148788928
    ],
    "y": [
      [
        -0.02214022140221402,
        0.0
      ],
      0.10588235294117651
    ],
    "z": [
      [
        -0.007380073800738007,
        0.02952029520295203
      ],
      0.0
    ],
    "A": [
      [
        -0.02952029520295203,
        0.014760147601476014
      ],
      3.075740099961542e-05
    ],
    "B": [
      [
        -0.02214022140221402,
        0.007380073800738007
      ],
      0.8142099192618224
    ],
    "C": [
      [
        0.007380073800738007,
        0.007380073800738007
      ],
      67.5351326412918
    ],
    "D": [
      [
        0.007380073800738007,
        0.007380073800738007
      ],
      0.6879507881584008
    ],
    "E": [
      [
        0.007380073800738007,
        0.0
      ],
      0.0
    ],
    "F": [
      [
        0.02214022140221402,
        -0.014760147601476014
      ],
      24.498746635909264
    ],
    "G": [
      [
        -0.007380073800738007,
        0.014760147601476014
      ],
      48.7197693194925
    ],
    "H": [
      [
        0.0,
        0.0
      ],
      0.0
    ],
    "I": [
      [
        0.007380073800738007,
        0.0
      ],
      0.0
    ],
    "J": [
      [
        -0.02952029520295203,
        0.0
      ],
      7.475724721261054
    ],
    "K": [
      [
        -0.014760147601476014,
        0.0
      ],
      15.305098039215686
    ],
    "L": [
      [
        0.0,
        0.0
      ],
      0.0
    ],
    "M": [
      [
        0.0,
        0.014760147601476014
      ],
      92.96507497116494
    ],
    "N": [
      [
        0.0,
        0.0
      ],
      0.7920799692425989
    ],
    "O": [
      [
        0.0,
        0.007380073800738007
      ],
      0.000569011918492887
    ],
    "P": [
      [
        0.014760147601476014,
        0.0
      ],
      0.20335255670895813
    ],
    "Q": [
      [
        0.007380073800738007,
        -0.007380073800738007
      ],
      252.5121568627451
    ],
    "R": [
      [
        0.0,
        0.0
      ],
      1.140884275278739
    ],
    "S": [
      [
        0.014760147601476014,
        0.007380073800738007
      ],
      98.99695501730102
    ],
    "T": [
      [
        0.0,
        0.0
      ],
      0.0
    ],
    "U": [
      [
        0.0,
        0.007380073800738007
      ],
      0.0
    ],
    "V": [
      [
        0.014760147601476014,
        0.0
      ],
      0.00419838523644752
    ],
    "W": [
      [
        0.007380073800738007,
        0.0
      ],
      39.849796232218374
    ],
    "X": [
      [
        0.0,
        0.014760147601476014
      ],
      18.149265667051136
    ],
    "Y": [
      [
        0.014760147601476014,
        0.014760147601476014
      ],
      0.029588619761630134
    ],
    "Z": [
      [
        -0.007380073800738007,
        0.014760147601476014
      ],
      10.856931949250288
    ]
  }
}