{
  "base_font": "Calibri",
  "overlay_font": "Lato-Extrabold",
  "font_scale": 0.94140625,
  "characters": {
    "a": {
      "size": [
        0.5394190871369294,
        0.5394190871369294
      ],
      "offset": [
        -0.024896265560165973,
        0.016597510373443983
      ],
      "remainder": 0.00010966130939790258
    },
    "b": {
      "size": [
        0.5809128630705395,
        0.7634854771784232
      ],
      "offset": [
        -0.024896265560165973,
        0.016597510373443983
      ],
      "remainder": 1.2009754033915622e-05
    },
    "c": {
      "size": [
        0.4896265560165975,
        0.5394190871369294
      ],
      "offset": [
        -0.008298755186721992,
        0.016597510373443983
      ],
      "remainder": 1.0642699307825406e-09
    },
    "d": {
      "size": [
        0.5809128630705395,
        0.7634854771784232
      ],
      "offset": [
        0.0,
        0.024896265560165973
      ],
      "remainder": 3.4375918764276213e-07
    },
    "e": {
      "size": [
        0.5477178423236515,
        0.5394190871369294
      ],
      "offset": [
        -0.008298755186721992,
        0.016597510373443983
      ],
      "remainder": 0.0
    },
    "f": {
      "size": [
        0.3651452282157676,
        0.7468879668049793
      ],
      "offset": [
        -0.016597510373443983,
        0.008298755186721992
      ],
      "remainder": 5.024418343224392e-06
    },
    "g": {
      "size": [
        0.5228215767634855,
        0.7136929460580913
      ],
      "offset": [
        -0.024896265560165973,
        0.024896265560165973
      ],
      "remainder": 0.0010967338886161697
    },
    "h": {
      "size": [
        0.5809128630705395,
        0.7551867219917012
      ],
      "offset": [
        -0.008298755186721992,
        0.008298755186721992
      ],
      "remainder": 1.8624723788694464e-08
    },
    "i": {
      "size": [
        0.2821576763485477,
        0.7551867219917012
      ],
      "offset": [
        -0.016597510373443983,
        0.008298755186721992
      ],
      "remainder": 0.0
    },
    "j": {
      "size": [
        0.3153526970954357,
        0.9377593360995851
      ],
      "offset": [
        0.0,
        0.016597510373443983
      ],
      "remainder": 0.0
    },
    "k": {
      "size": [
        0.5809128630705395,
        0.7551867219917012
      ],
      "offset": [
        -0.04979253112033195,
        0.016597510373443983
      ],
      "remainder": 0.0005234111447686477
    },
    "l": {
      "size": [
        0.2821576763485477,
        0.7551867219917012
      ],
      "offset": [
        -0.024896265560165973,
        0.0
      ],
      "remainder": 0.0
    },
    "m": {
      "size": [
        0.8630705394190872,
        0.5311203319502075
      ],
      "offset": [
        -0.008298755186721992,
        0.008298755186721992
      ],
      "remainder": 2.3413938477215924e-08
    },
    "n": {
      "size": [
        0.5809128630705395,
        0.5311203319502075
      ],
      "offset": [
        -0.024896265560165973,
        0.016597510373443983
      ],
      "remainder": 6.758114060469133e-08
    },
    "o": {
      "size": [
        0.5809128630705395,
        0.5394190871369294
      ],
      "offset": [
        -0.008298755186721992,
        0.016597510373443983
      ],
      "remainder": 0.0
    },
    "p": {
      "size": [
        0.5809128630705395,
        0.7053941908713693
      ],
      "offset": [
        -0.024896265560165973,
        0.024896265560165973
      ],
      "remainder": 0.0001602657482017164
    },
    "q": {
      "size": [
        0.5809128630705395,
        0.6970954356846473
      ],
      "offset": [
        0.0,
        0.024896265560165973
      ],
      "remainder": 2.819783181608352e-06
    },
    "r": {
      "size": [
        0.4149377593360996,
        0.5311203319502075
      ],
      "offset": [
        -0.03319502074688797,
        0.0
      ],
      "remainder": 3.6930166598154276e-06
    },
    "s": {
      "size": [
        0.43983402489626555,
        0.5394190871369294
      ],
      "offset": [
        -0.016597510373443983,
        0.016597510373443983
      ],
      "remainder": 0.0
    },
    "t": {
      "size": [
        0.3983402489626556,
        0.6887966804979253
      ],
      "offset": [
        -0.024896265560165973,
        0.016597510373443983
      ],
      "remainder": 1.963578022293794e-07
    },
    "u": {
      "size": [
        0.5809128630705395,
        0.5311203319502075
      ],
      "offset": [
        -0.016597510373443983,
        0.024896265560165973
      ],
      "remainder": 8.886653922034243e-08
    },
    "v": {
      "size": [
        0.5560165975103735,
        0.5228215767634855
      ],
      "offset": [
        -0.03319502074688797,
        0.0
      ],
      "remainder": 0.0
    },
    "w": {
      "size": [
        0.8215767634854771,
        0.5228215767634855
      ],
      "offset": [
        -0.03319502074688797,
        0.016597510373443983
      ],
      "remainder": 0.0002852881976455689
    },
    "x": {
      "size": [
        0.5726141078838174,
        0.5228215767634855
      ],
      "offset": [
        -0.058091286307053944,
        0.016597510373443983
      ],
      "remainder": 5.7470576262257404e-08
    },
    "y": {
      "size": [
        0.5560165975103735,
        0.6887966804979253
      ],
      "offset": [
        -0.03319502074688797,
        0.03319502074688797
      ],
      "remainder": 2.9847450208796457e-06
    },
    "z": {
      "size": [
        0.48132780082987553,
        0.5228215767634855
      ],
      "offset": [
        -0.03319502074688797,
        0.0
      ],
      "remainder": 0.0
    },
    "A": {
      "size": [
        0.7468879668049793,
        0.7385892116182573
      ],
      "offset": [
        -0.06639004149377593,
        0.024896265560165973
      ],
      "remainder": 7.024181543164811e-08
    },
    "B": {
      "size": [
        0.6556016597510373,
        0.7302904564315352
      ],
      "offset": [
        -0.04149377593360996,
        0.024896265560165973
      ],
      "remainder": 0.00011213414058207581
    },
    "C": {
      "size": [
        0.6639004149377593,
        0.7551867219917012
      ],
      "offset": [
        -0.03319502074688797,
        0.03319502074688797
      ],
      "remainder": 0.0
    },
    "D": {
      "size": [
        0.7468879668049793,
        0.7385892116182573
      ],
      "offset": [
        -0.04149377593360996,
        0.03319502074688797
      ],
      "remainder": 3.786778840717371e-05
    },
    "E": {
      "size": [
        0.5643153526970954,
        0.7385892116182573
      ],
      "offset": [
        -0.016597510373443983,
        0.008298755186721992
      ],
      "remainder": 0.0
    },
    "F": {
      "size": [
        0.5560165975103735,
        0.7385892116182573
      ],
      "offset": [
        -0.024896265560165973,
        0.008298755186721992
      ],
      "remainder": 0.0
    },
    "G": {
      "size": [
        0.7136929460580913,
        0.7551867219917012
      ],
      "offset": [
        -0.04149377593360996,
        0.016597510373443983
      ],
      "remainder": 0.0015062005696504805
    },
    "H": {
      "size": [
        0.7551867219917012,
        0.7385892116182573
      ],
      "offset": [
        -0.04979253112033195,
        0.008298755186721992
      ],
      "remainder": 0.00018879722864110026
    },
    "I": {
      "size": [
        0.3236514522821577,
        0.7385892116182573
      ],
      "offset": [
        -0.024896265560165973,
        0.0
      ],
      "remainder": 0.0
    },
    "J": {
      "size": [
        0.4315352697095436,
        0.7468879668049793
      ],
      "offset": [
        -0.04979253112033195,
        0.016597510373443983
      ],
      "remainder": 0.0
    },
    "K": {
      "size": [
        0.7219917012448133,
        0.7385892116182573
      ],