{
  "base_font": "Cambria",
  "overlay_font": "SourceSerif4_18pt-Bold",
  "font_scale": 1.0108506944444444,
  "characters": {
    "a": {
      "size": [
        0.5487333619579219,
        0.5255474452554745
      ],
      "offset": [
        -0.023185916702447403,
        0.023185916702447403
      ],
      "remainder": 0.0005445784094219818
    },
    "b": {
      "size": [
        0.6182911120652641,
        0.7419493344783169
      ],
      "offset": [
        -0.061829111206526406,
        0.015457277801631602
      ],
      "remainder": 0.0005937806725919896
    },
    "c": {
      "size": [
        0.5178188063546587,
        0.5255474452554745
      ],
      "offset": [
        -0.046371833404894806,
        0.007728638900815801
      ],
      "remainder": 0.0006197366197988796
    },
    "d": {
      "size": [
        0.6105624731644482,
        0.7419493344783169
      ],
      "offset": [
        -0.015457277801631602,
        0.0
      ],
      "remainder": 0.0001719987920536286
    },
    "e": {
      "size": [
        0.5332760841562902,
        0.5255474452554745
      ],
      "offset": [
        -0.038643194504079006,
        0.007728638900815801
      ],
      "remainder": 0.0005264804992490246
    },
    "f": {
      "size": [
        0.47144697294976384,
        0.7419493344783169
      ],
      "offset": [
        -0.038643194504079006,
        0.023185916702447403
      ],
      "remainder": 3.096333723122195e-05
    },
    "g": {
      "size": [
        0.5564620008587376,
        0.7419493344783169
      ],
      "offset": [
        -0.015457277801631602,
        0.015457277801631602
      ],
      "remainder": 0.00395880423951927
    },
    "h": {
      "size": [
        0.6337483898668956,
        0.7264920566766853
      ],
      "offset": [
        -0.046371833404894806,
        0.0
      ],
      "remainder": 2.2668949525668194e-06
    },
    "i": {
      "size": [
        0.32460283383426364,
        0.7342206955775011
      ],
      "offset": [
        -0.046371833404894806,
        0.015457277801631602
      ],
      "remainder": 0.001049952839538692
    },
    "j": {
      "size": [
        0.41734650064405326,
        0.973808501502791
      ],
      "offset": [
        -0.046371833404894806,
        0.007728638900815801
      ],
      "remainder": 0.001280557783870723
    },
    "k": {
      "size": [
        0.6105624731644482,
        0.7264920566766853
      ],
      "offset": [
        -0.054100472305710606,
        0.015457277801631602
      ],
      "remainder": 0.0008379869866394214
    },
    "l": {
      "size": [
        0.33233147273507946,
        0.7264920566766853
      ],
      "offset": [
        -0.061829111206526406,
        0.0
      ],
      "remainder": 0.0
    },
    "m": {
      "size": [
        0.9274366680978962,
        0.5100901674538428
      ],
      "offset": [
        -0.054100472305710606,
        0.0
      ],
      "remainder": 0.0002848603611333943
    },
    "n": {
      "size": [
        0.6337483898668956,
        0.5100901674538428
      ],
      "offset": [
        -0.046371833404894806,
        0.0
      ],
      "remainder": 7.812113786419649e-05
    },
    "o": {
      "size": [
        0.579647917561185,
        0.5255474452554745
      ],
      "offset": [
        -0.023185916702447403,
        0.015457277801631602
      ],
      "remainder": 0.00026050880084715883
    },
    "p": {
      "size": [
        0.6182911120652641,
        0.7419493344783169
      ],
      "offset": [
        -0.046371833404894806,
        0.007728638900815801
      ],
      "remainder": 0.0008226923634641454
    },
    "q": {
      "size": [
        0.5951051953628167,
        0.7419493344783169
      ],
      "offset": [
        -0.023185916702447403,
        0.0
      ],
      "remainder": 0.00025186852541410077
    },
    "r": {
      "size": [
        0.47917561185057966,
        0.5100901674538428
      ],
      "offset": [
        -0.054100472305710606,
        0.0
      ],
      "remainder": 0.00026892664386468336
    },
    "s": {
      "size": [
        0.4637183340489481,
        0.5255474452554745
      ],
      "offset": [
        -0.015457277801631602,
        0.007728638900815801
      ],
      "remainder": 0.0007854003450895251
    },
    "t": {
      "size": [
        0.37097466723915845,
        0.6492056676685273
      ],
      "offset": [
        -0.015457277801631602,
        0.007728638900815801
      ],
      "remainder": 0.00011865917952770362
    },
    "u": {
      "size": [
        0.6260197509660799,
        0.5178188063546587
      ],
      "offset": [
        -0.023185916702447403,
        0.007728638900815801
      ],
      "remainder": 7.954300249172198e-05
    },
    "v": {
      "size": [
        0.5564620008587376,
        0.5023615285530271
      ],
      "offset": [
        -0.030914555603263203,
        0.015457277801631602
      ],
      "remainder": 0.0005290331506780065
    },
    "w": {
      "size": [
        0.8192357234864749,
        0.5023615285530271
      ],
      "offset": [
        -0.030914555603263203,
        0.023185916702447403
      ],
      "remainder": 0.00022680284000431035
    },
    "x": {
      "size": [
        0.5719192786603693,
        0.49463288965221125
      ],
      "offset": [
        -0.038643194504079006,
        0.015457277801631602
      ],
      "remainder": 0.0022613219030742765
    },
    "y": {
      "size": [
        0.5564620008587376,
        0.7342206955775011
      ],
      "offset": [
        -0.046371833404894806,
        0.007728638900815801
      ],
      "remainder": 0.003003058445713586
    },
    "z": {
      "size": [
        0.47917561185057966,
        0.49463288965221125
      ],
      "offset": [
        -0.015457277801631602,
        0.015457277801631602
      ],
      "remainder": 0.0009543047723194033
    },
    "A": {
      "size": [
        0.6878488621726063,
        0.6646629454701589
      ],
      "offset": [
        -0.015457277801631602,
        0.0
      ],
      "remainder": 0.003310896394652576
    },
    "B": {
      "size": [
        0.6646629454701589,
        0.656934306569343
      ],
      "offset": [
        -0.015457277801631602,
        0.0
      ],
      "remainder": 0.00015888805077631839
    },
    "C": {
      "size": [
        0.6337483898668956,
        0.7033061399742379
      ],
      "offset": [
        -0.061829111206526406,
        0.0
      ],
      "remainder": 0.0019483525766640193
    },
    "D": {
      "size": [
        0.7187634177758695,
        0.656934306569343
      ],
      "offset": [
        -0.015457277801631602,
        0.0
      ],
      "remainder": 1.2530714165033682e-05
    },
    "E": {
      "size": [
        0.6028338342636325,
        0.656934306569343
      ],
      "offset": [
        -0.038643194504079006,
        0.0
      ],
      "remainder": 0.00028808616329359615
    },
    "F": {
      "size": [
        0.5873765564620008,
        0.656934306569343
      ],
      "offset": [
        -0.046371833404894806,
        0.0
      ],
      "remainder": 0.00019887480061568018
    },
    "G": {
      "size": [
        0.6955775010734221,
        0.7033061399742379
      ],
      "offset": [
        -0.054100472305710606,
        0.007728638900815801
      ],
      "remainder": 0.0008519353083522575
    },
    "H": {
      "size": [
        0.780592528982396,
        0.656934306569343
      ],
      "offset": [
        -0.046371833404894806,
        0.0
      ],
      "remainder": 0.0005011194789334418
    },
    "I": {
      "size": [
        0.39416058394160586,
        0.656934306569343
      ],
      "offset": [
        -0.030914555603263203,
        0.0
      ],
      "remainder": 0.0
    },
    "J": {
      "size": [
        0.45598969514813226,
        0.8115070845856591
      ],
      "offset": [
        -0.030914555603263203,
        0.0
      ],
      "remainder": 0.0024979133657669597
    },