{
  "base_font": "ComputerModernSerif",
  "overlay_font": "ComputerModernSerif-Bold",
  "font_scale": 1.00390625,
  "characters": {
    "a": {
      "size": [
        0.5603112840466926,
        0.4591439688715953
      ],
      "offset": [
        -0.038910505836575876,
        0.007782101167315175
      ],
      "remainder": 0.003186652990798056
    },
    "b": {
      "size": [
        0.6381322957198443,
        0.7003891050583657
      ],
      "offset": [
        -0.038910505836575876,
        0.007782101167315175
      ],
      "remainder": 0.001944638274605588
    },
    "c": {
      "size": [
        0.5136186770428015,
        0.4591439688715953
      ],
      "offset": [
        -0.04669260700389105,
        0.0
      ],
      "remainder": 0.000326787807191538
    },
    "d": {
      "size": [
        0.6381322957198443,
        0.7003891050583657
      ],
      "offset": [
        -0.04669260700389105,
        0.007782101167315175
      ],
      "remainder": 0.0019213605626795124
    },
    "e": {
      "size": [
        0.5291828793774319,
        0.4591439688715953
      ],
      "offset": [
        -0.04669260700389105,
        0.0
      ],
      "remainder": 0.0023828216190472386
    },
    "f": {
      "size": [
        0.44357976653696496,
        0.708171206225681
      ],
      "offset": [
        -0.038910505836575876,
        0.0
      ],
      "remainder": 0.0008300576435201259
    },
    "g": {
      "size": [
        0.5758754863813229,
        0.6536964980544747
      ],
      "offset": [
        -0.038910505836575876,
        0.0
      ],
      "remainder": 0.0035409968750374156
    },
    "h": {
      "size": [
        0.6381322957198443,
        0.6926070038910506
      ],
      "offset": [
        -0.04669260700389105,
        0.007782101167315175
      ],
      "remainder": 0.0017829927004386122
    },
    "i": {
      "size": [
        0.31906614785992216,
        0.7003891050583657
      ],
      "offset": [
        -0.023346303501945526,
        0.007782101167315175
      ],
      "remainder": 0.0
    },
    "j": {
      "size": [
        0.41245136186770426,
        0.9027237354085603
      ],
      "offset": [
        -0.023346303501945526,
        0.007782101167315175
      ],
      "remainder": 0.00031094934208163215
    },
    "k": {
      "size": [
        0.6070038910505836,
        0.6926070038910506
      ],
      "offset": [
        -0.038910505836575876,
        0.0
      ],
      "remainder": 0.0016881369821827913
    },
    "l": {
      "size": [
        0.31906614785992216,
        0.6926070038910506
      ],
      "offset": [
        -0.0311284046692607,
        0.0
      ],
      "remainder": 0.000286780304088526
    },
    "m": {
      "size": [
        0.9649805447470817,
        0.45136186770428016
      ],
      "offset": [
        -0.08560311284046693,
        0.007782101167315175
      ],
      "remainder": 0.011545421045139679
    },
    "n": {
      "size": [
        0.6381322957198443,
        0.45136186770428016
      ],
      "offset": [
        -0.04669260700389105,
        0.007782101167315175
      ],
      "remainder": 0.001089149368954448
    },
    "o": {
      "size": [
        0.5758754863813229,
        0.4591439688715953
      ],
      "offset": [
        -0.038910505836575876,
        0.007782101167315175
      ],
      "remainder": 0.00011374438098734982
    },
    "p": {
      "size": [
        0.6381322957198443,
        0.6459143968871596
      ],
      "offset": [
        -0.038910505836575876,
        0.007782101167315175
      ],
      "remainder": 0.000825530239234577
    },
    "q": {
      "size": [
        0.6070038910505836,
        0.6459143968871596
      ],
      "offset": [
        -0.04669260700389105,
        0.007782101167315175
      ],
      "remainder": 0.0009310100320744351
    },
    "r": {
      "size": [
        0.47470817120622566,
        0.45136186770428016
      ],
      "offset": [
        -0.038910505836575876,
        0.007782101167315175
      ],
      "remainder": 0.0004850803989415836
    },
    "s": {
      "size": [
        0.45136186770428016,
        0.4591439688715953
      ],
      "offset": [
        -0.0311284046692607,
        0.0
      ],
      "remainder": 0.0016902708433940102
    },
    "t": {
      "size": [
        0.45136186770428016,
        0.6381322957198443
      ],
      "offset": [
        -0.038910505836575876,
        0.0
      ],
      "remainder": 0.00014560170496042912
    },
    "u": {
      "size": [
        0.6381322957198443,
        0.4591439688715953
      ],
      "offset": [
        -0.04669260700389105,
        0.0
      ],
      "remainder": 0.0009524571997195649
    },
    "v": {
      "size": [
        0.6070038910505836,
        0.45136186770428016
      ],
      "offset": [
        -0.054474708171206226,
        0.007782101167315175
      ],
      "remainder": 0.0009225182222967211
    },
    "w": {
      "size": [
        0.8326848249027238,
        0.45136186770428016
      ],
      "offset": [
        -0.0622568093385214,
        0.007782101167315175
      ],
      "remainder": 0.006534862689223868
    },
    "x": {
      "size": [
        0.6070038910505836,
        0.44357976653696496
      ],
      "offset": [
        -0.038910505836575876,
        0.007782101167315175
      ],
      "remainder": 0.0012866666932734151
    },
    "y": {
      "size": [
        0.6070038910505836,
        0.6459143968871596
      ],
      "offset": [
        -0.04669260700389105,
        0.007782101167315175
      ],
      "remainder": 0.0017611118427966889
    },
    "z": {
      "size": [
        0.5136186770428015,
        0.44357976653696496
      ],
      "offset": [
        -0.038910505836575876,
        0.01556420233463035
      ],
      "remainder": 0.0004822930759928641
    },
    "A": {
      "size": [
        0.8715953307392996,
        0.7003891050583657
      ],
      "offset": [
        -0.04669260700389105,
        0.0
      ],
      "remainder": 0.004398937326474114
    },
    "B": {
      "size": [
        0.8249027237354085,
        0.6848249027237354
      ],
      "offset": [
        -0.0622568093385214,
        0.0
      ],
      "remainder": 0.0018836545433018178
    },
    "C": {
      "size": [
        0.8326848249027238,
        0.708171206225681
      ],
      "offset": [
        -0.0622568093385214,
        0.0
      ],
      "remainder": 0.007675608928692585
    },
    "D": {
      "size": [
        0.8871595330739299,
        0.6848249027237354
      ],
      "offset": [
        -0.0622568093385214,
        0.0
      ],
      "remainder": 0.0028495172870695194
    },
    "E": {
      "size": [
        0.754863813229572,
        0.6848249027237354
      ],
      "offset": [
        -0.04669260700389105,
        0.0
      ],
      "remainder": 0.00031180927218570445
    },
    "F": {
      "size": [
        0.7237354085603113,
        0.6848249027237354
      ],
      "offset": [
        -0.04669260700389105,
        0.007782101167315175
      ],
      "remainder": 2.5755864459902963e-05
    },
    "G": {
      "size": [
        0.9105058365758755,
        0.708171206225681
      ],
      "offset": [
        -0.0622568093385214,
        0.007782101167315175
      ],
      "remainder": 0.006151367387310445
    },
    "H": {
      "size": [
        0.9027237354085603,
        0.6848249027237354
      ],
      "offset": [
        -0.07782101167315175,
        0.0
      ],
      "remainder": 0.009280786069770876
    },
    "I": {
      "size": [
        0.4357976653696498,
        0.6926070038910506
      ],
      "offset": [
        -0.023346303501945526,
        0.0
      ],
      "remainder": 0.0003002890823199488
    },
    "J": {
      "size": [
        0.5992217898832685,
        0.7003891050583657
      ],
      "offset": [
        -0.01556420233463035,
        0.0
      ],
      "remainder": 0.0013016979096408224
    },