{
  "base_font": "ComputerModernSerif-Italic",
  "overlay_font": "ComputerModernSerif-BoldItalic",
  "font_scale": 1.00390625,
  "characters": {
    "a": {
      "size": [
        0.6303501945525292,
        0.4669260700389105
      ],
      "offset": [
        -0.038910505836575876,
        0.007782101167315175
      ],
      "remainder": 0.003027223758761935
    },
    "b": {
      "size": [
        0.5447470817120622,
        0.708171206225681
      ],
      "offset": [
        -0.038910505836575876,
        0.007782101167315175
      ],
      "remainder": 0.0014085740246298668
    },
    "c": {
      "size": [
        0.5369649805447471,
        0.4669260700389105
      ],
      "offset": [
        -0.0311284046692607,
        0.0
      ],
      "remainder": 0.0009233978413945128
    },
    "d": {
      "size": [
        0.6381322957198443,
        0.7003891050583657
      ],
      "offset": [
        -0.038910505836575876,
        0.007782101167315175
      ],
      "remainder": 0.0035456589094692084
    },
    "e": {
      "size": [
        0.5369649805447471,
        0.4669260700389105
      ],
      "offset": [
        -0.038910505836575876,
        0.0
      ],
      "remainder": 0.0014721827777179125
    },
    "f": {
      "size": [
        0.5680933852140078,
        0.9182879377431906
      ],
      "offset": [
        -0.04669260700389105,
        0.0
      ],
      "remainder": 0.0006551704228743536
    },
    "g": {
      "size": [
        0.5680933852140078,
        0.669260700389105
      ],
      "offset": [
        -0.038910505836575876,
        0.007782101167315175
      ],
      "remainder": 0.0012953303826449504
    },
    "h": {
      "size": [
        0.6303501945525292,
        0.7003891050583657
      ],
      "offset": [
        -0.038910505836575876,
        0.007782101167315175
      ],
      "remainder": 0.0032009142078705424
    },
    "i": {
      "size": [
        0.3968871595330739,
        0.7003891050583657
      ],
      "offset": [
        -0.023346303501945526,
        0.007782101167315175
      ],
      "remainder": 0.000977354198345326
    },
    "j": {
      "size": [
        0.45136186770428016,
        0.9027237354085603
      ],
      "offset": [
        -0.023346303501945526,
        0.007782101167315175
      ],
      "remainder": 0.00021226384847988997
    },
    "k": {
      "size": [
        0.5680933852140078,
        0.7003891050583657
      ],
      "offset": [
        -0.0311284046692607,
        0.0
      ],
      "remainder": 0.002568364310240006
    },
    "l": {
      "size": [
        0.3424124513618677,
        0.708171206225681
      ],
      "offset": [
        -0.0311284046692607,
        0.0
      ],
      "remainder": 6.902641917069428e-05
    },
    "m": {
      "size": [
        0.980544747081712,
        0.4669260700389105
      ],
      "offset": [
        -0.08560311284046693,
        0.007782101167315175
      ],
      "remainder": 0.015092038861816523
    },
    "n": {
      "size": [
        0.6926070038910506,
        0.47470817120622566
      ],
      "offset": [
        -0.04669260700389105,
        0.007782101167315175
      ],
      "remainder": 0.0049440856524440285
    },
    "o": {
      "size": [
        0.5992217898832685,
        0.4669260700389105
      ],
      "offset": [
        -0.04669260700389105,
        0.007782101167315175
      ],
      "remainder": 0.002084305078297008
    },
    "p": {
      "size": [
        0.5992217898832685,
        0.6614785992217899
      ],
      "offset": [
        -0.038910505836575876,
        0.007782101167315175
      ],
      "remainder": 0.0033271728068389986
    },
    "q": {
      "size": [
        0.5836575875486382,
        0.6536964980544747
      ],
      "offset": [
        -0.038910505836575876,
        0.007782101167315175
      ],
      "remainder": 0.0015559216644117446
    },
    "r": {
      "size": [
        0.5680933852140078,
        0.47470817120622566
      ],
      "offset": [
        -0.023346303501945526,
        0.007782101167315175
      ],
      "remainder": 0.00133251969897125
    },
    "s": {
      "size": [
        0.490272373540856,
        0.4669260700389105
      ],
      "offset": [
        -0.04669260700389105,
        0.007782101167315175
      ],
      "remainder": 0.0011190947319968765
    },
    "t": {
      "size": [
        0.42023346303501946,
        0.6536964980544747
      ],
      "offset": [
        -0.038910505836575876,
        0.007782101167315175
      ],
      "remainder": 0.00012561897274005604
    },
    "u": {
      "size": [
        0.6614785992217899,
        0.4669260700389105
      ],
      "offset": [
        -0.04669260700389105,
        0.007782101167315175
      ],
      "remainder": 0.004128651609907821
    },
    "v": {
      "size": [
        0.5603112840466926,
        0.4669260700389105
      ],
      "offset": [
        -0.038910505836575876,
        0.007782101167315175
      ],
      "remainder": 0.0017024907907392552
    },
    "w": {
      "size": [
        0.7937743190661478,
        0.4669260700389105
      ],
      "offset": [
        -0.04669260700389105,
        0.007782101167315175
      ],
      "remainder": 0.006978919739413507
    },
    "x": {
      "size": [
        0.6070038910505836,
        0.4669260700389105
      ],
      "offset": [
        -0.038910505836575876,
        0.007782101167315175
      ],
      "remainder": 0.0048102286983047506
    },
    "y": {
      "size": [
        0.5992217898832685,
        0.669260700389105
      ],
      "offset": [
        -0.038910505836575876,
        0.0
      ],
      "remainder": 0.0023175025841804253
    },
    "z": {
      "size": [
        0.5447470817120622,
        0.47470817120622566
      ],
      "offset": [
        -0.038910505836575876,
        0.007782101167315175
      ],
      "remainder": 0.0013102024906577053
    },
    "A": {
      "size": [
        0.8715953307392996,
        0.708171206225681
      ],
      "offset": [
        -0.054474708171206226,
        0.0
      ],
      "remainder": 0.0023662301829613045
    },
    "B": {
      "size": [
        0.8404669260700389,
        0.6848249027237354
      ],
      "offset": [
        -0.0622568093385214,
        0.0
      ],
      "remainder": 0.0002896027479449613
    },
    "C": {
      "size": [
        0.9182879377431906,
        0.7315175097276264
      ],
      "offset": [
        -0.0622568093385214,
        0.0
      ],
      "remainder": 0.0031384676375469105
    },
    "D": {
      "size": [
        0.8949416342412452,
        0.6848249027237354
      ],
      "offset": [
        -0.07003891050583658,
        0.0
      ],
      "remainder": 0.0008739545210851828
    },
    "E": {
      "size": [
        0.8093385214007782,
        0.6848249027237354
      ],
      "offset": [
        -0.04669260700389105,
        0.0
      ],
      "remainder": 2.7399097233031217e-05
    },
    "F": {
      "size": [
        0.7937743190661478,
        0.6926070038910506
      ],
      "offset": [
        -0.04669260700389105,
        0.007782101167315175
      ],
      "remainder": 1.923933967372145e-05
    },
    "G": {
      "size": [
        0.9182879377431906,
        0.7315175097276264
      ],
      "offset": [
        -0.0622568093385214,
        0.0
      ],
      "remainder": 0.0024434802158871554
    },
    "H": {
      "size": [
        1.0116731517509727,
        0.6926070038910506
      ],
      "offset": [
        -0.07782101167315175,
        0.0
      ],
      "remainder": 0.004944123434026573
    },
    "I": {
      "size": [
        0.5914396887159533,
        0.6848249027237354
      ],
      "offset": [
        -0.0622568093385214,
        0.0
      ],
      "remainder": 0.0005461700251034671
    },
    "J": {
      "size": [
        0.6926070038910506,
        0.7159533073929961
      ],
      "offset": [
        -0.01556420233463035,
        0.0
      ],
      "remainder": 9.955127719043381e-05
    },