{
  "base_font": "Corbel",
  "overlay_font": "Vegur-Bold",
  "font_scale": 1.038628472222222,
  "characters": {
    "a": {
      "size": [
        0.4814040952778939,
        0.5039699122440452
      ],
      "offset": [
        0.0,
        0.022565816966151276
      ],
      "remainder": 0.00020603786938481203
    },
    "b": {
      "size": [
        0.5641454241537819,
        0.7521938988717093
      ],
      "offset": [
        -0.03760969494358546,
        0.015043877977434185
      ],
      "remainder": 0.00031910218188639183
    },
    "c": {
      "size": [
        0.43627246134559133,
        0.5039699122440452
      ],
      "offset": [
        -0.007521938988717092,
        0.015043877977434185
      ],
      "remainder": 0.0
    },
    "d": {
      "size": [
        0.571667363142499,
        0.7521938988717093
      ],
      "offset": [
        -0.015043877977434185,
        0.03008775595486837
      ],
      "remainder": 0.00021469251246193573
    },
    "e": {
      "size": [
        0.47388215628917685,
        0.5039699122440452
      ],
      "offset": [
        0.007521938988717092,
        0.022565816966151276
      ],
      "remainder": 4.257079723130192e-09
    },
    "f": {
      "size": [
        0.406184705390723,
        0.7521938988717093
      ],
      "offset": [
        -0.03760969494358546,
        0.015043877977434185
      ],
      "remainder": 0.0
    },
    "g": {
      "size": [
        0.571667363142499,
        0.7145842039281238
      ],
      "offset": [
        -0.022565816966151276,
        0.022565816966151276
      ],
      "remainder": 0.00023463373815500824
    },
    "h": {
      "size": [
        0.5415796071876307,
        0.7446719598829922
      ],
      "offset": [
        -0.015043877977434185,
        0.0
      ],
      "remainder": 0.0
    },
    "i": {
      "size": [
        0.24070204763894695,
        0.6769745089845384
      ],
      "offset": [
        -0.007521938988717092,
        0.0
      ],
      "remainder": 0.0
    },
    "j": {
      "size": [
        0.34600919348098624,
        0.895110739657334
      ],
      "offset": [
        -0.015043877977434185,
        0.04513163393230255
      ],
      "remainder": 0.0021627673146740202
    },
    "k": {
      "size": [
        0.5039699122440452,
        0.7446719598829922
      ],
      "offset": [
        -0.007521938988717092,
        0.007521938988717092
      ],
      "remainder": 1.9227632704482838e-05
    },
    "l": {
      "size": [
        0.24070204763894695,
        0.7446719598829922
      ],
      "offset": [
        -0.007521938988717092,
        0.0
      ],
      "remainder": 0.0
    },
    "m": {
      "size": [
        0.8274132887588802,
        0.4964479732553281
      ],
      "offset": [
        -0.03760969494358546,
        0.0
      ],
      "remainder": 1.2451958190155764e-07
    },
    "n": {
      "size": [
        0.5415796071876307,
        0.4964479732553281
      ],
      "offset": [
        -0.03760969494358546,
        0.0
      ],
      "remainder": 4.922248429869265e-07
    },
    "o": {
      "size": [
        0.5415796071876307,
        0.5039699122440452
      ],
      "offset": [
        -0.015043877977434185,
        0.015043877977434185
      ],
      "remainder": 0.0
    },
    "p": {
      "size": [
        0.5641454241537819,
        0.7070622649394067
      ],
      "offset": [
        -0.04513163393230255,
        0.022565816966151276
      ],
      "remainder": 0.0002203629426531451
    },
    "q": {
      "size": [
        0.571667363142499,
        0.7070622649394067
      ],
      "offset": [
        -0.022565816966151276,
        0.03008775595486837
      ],
      "remainder": 0.000274877509182654
    },
    "r": {
      "size": [
        0.35353113246970336,
        0.4964479732553281
      ],
      "offset": [
        -0.015043877977434185,
        0.0
      ],
      "remainder": 7.540352459594327e-07
    },
    "s": {
      "size": [
        0.3911408274132888,
        0.5039699122440452
      ],
      "offset": [
        -0.007521938988717092,
        0.022565816966151276
      ],
      "remainder": 4.4294914519169506e-06
    },
    "t": {
      "size": [
        0.3836188884245717,
        0.6167989970748016
      ],
      "offset": [
        -0.022565816966151276,
        0.015043877977434185
      ],
      "remainder": 0.0
    },
    "u": {
      "size": [
        0.5415796071876307,
        0.4964479732553281
      ],
      "offset": [
        0.007521938988717092,
        0.04513163393230255
      ],
      "remainder": 0.00018399524271340943
    },
    "v": {
      "size": [
        0.5114918512327623,
        0.488926034266611
      ],
      "offset": [
        -0.03760969494358546,
        0.0
      ],
      "remainder": 0.0
    },
    "w": {
      "size": [
        0.7221061429168408,
        0.488926034266611
      ],
      "offset": [
        -0.022565816966151276,
        0.0
      ],
      "remainder": 0.0001251602723998888
    },
    "x": {
      "size": [
        0.47388215628917685,
        0.488926034266611
      ],
      "offset": [
        -0.015043877977434185,
        0.022565816966151276
      ],
      "remainder": 5.321349653912717e-09
    },
    "y": {
      "size": [
        0.5114918512327623,
        0.7070622649394067
      ],
      "offset": [
        -0.03008775595486837,
        0.04513163393230255
      ],
      "remainder": 0.0003146375695267591
    },
    "z": {
      "size": [
        0.42122858336815716,
        0.4814040952778939
      ],
      "offset": [
        0.0,
        0.0
      ],
      "remainder": 0.0002768166089965398
    },
    "A": {
      "size": [
        0.6318428750522358,
        0.6995403259506896
      ],
      "offset": [
        -0.007521938988717092,
        0.04513163393230255
      ],
      "remainder": 2.5382837849163686e-07
    },
    "B": {
      "size": [
        0.5340576681989135,
        0.7145842039281238
      ],
      "offset": [
        0.03008775595486837,
        0.022565816966151276
      ],
      "remainder": 0.00013982484777614148
    },
    "C": {
      "size": [
        0.6092770580860845,
        0.7221061429168408
      ],
      "offset": [
        -0.015043877977434185,
        0.03008775595486837
      ],
      "remainder": 0.0
    },
    "D": {
      "size": [
        0.6769745089845384,
        0.7145842039281238
      ],
      "offset": [
        -0.022565816966151276,
        0.03008775595486837
      ],
      "remainder": 2.8290423300061597e-05
    },
    "E": {
      "size": [
        0.5039699122440452,
        0.6920183869619725
      ],
      "offset": [
        0.03008775595486837,
        0.015043877977434185
      ],
      "remainder": 0.0
    },
    "F": {
      "size": [
        0.4814040952778939,
        0.6920183869619725
      ],
      "offset": [
        0.007521938988717092,
        0.007521938988717092
      ],
      "remainder": 0.0
    },
    "G": {
      "size": [
        0.6468867530296699,
        0.7221061429168408
      ],
      "offset": [
        -0.015043877977434185,
        0.03008775595486837
      ],
      "remainder": 6.699579214276116e-07
    },
    "H": {
      "size": [
        0.6844964479732554,
        0.6920183869619725
      ],
      "offset": [
        -0.022565816966151276,
        0.0
      ],
      "remainder": 0.0
    },
    "I": {
      "size": [
        0.24070204763894695,
        0.6920183869619725
      ],
      "offset": [
        -0.007521938988717092,
        0.0
      ],
      "remainder": 0.0
    },
    "J": {
      "size": [
        0.3836188884245717,
        0.9101546176347682
      ],
      "offset": [
        0.007521938988717092,
        -0.15796071876305895
      ],
      "remainder": 0.00022491588941703282
    },
    "K": {
      "size": [
        0.5942331801086503,
        0.6920183869619725
      ],
      "offset": [
        -0.015043877977434185,
        0.007521938988717092
      ],