{
  "base_font": "LinBiolinum-Italic",
  "overlay_font": "LinBiolinum-BoldItalic",
  "font_scale": 1.01953125,
  "characters": {
    "a": {
      "size": [
        0.5210727969348659,
        0.45977011494252873
      ],
      "offset": [
        -0.038314176245210725,
        0.0
      ],
      "remainder": 0.007950585414978803
    },
    "b": {
      "size": [
        0.6283524904214559,
        0.7126436781609196
      ],
      "offset": [
        -0.06130268199233716,
        0.0
      ],
      "remainder": 0.0006773290549682116
    },
    "c": {
      "size": [
        0.5287356321839081,
        0.4444444444444444
      ],
      "offset": [
        -0.05363984674329502,
        0.0
      ],
      "remainder": 0.0005635596636374883
    },
    "d": {
      "size": [
        0.6743295019157088,
        0.7049808429118773
      ],
      "offset": [
        -0.04597701149425287,
        0.0
      ],
      "remainder": 0.000410243598083782
    },
    "e": {
      "size": [
        0.5210727969348659,
        0.45977011494252873
      ],
      "offset": [
        -0.04597701149425287,
        0.01532567049808429
      ],
      "remainder": 0.0017827825071272828
    },
    "f": {
      "size": [
        0.5670498084291188,
        0.6973180076628352
      ],
      "offset": [
        -0.04597701149425287,
        0.007662835249042145
      ],
      "remainder": 0.01041038567811954
    },
    "g": {
      "size": [
        0.6130268199233716,
        0.6819923371647509
      ],
      "offset": [
        -0.038314176245210725,
        0.0
      ],
      "remainder": 0.005057655493162731
    },
    "h": {
      "size": [
        0.6053639846743295,
        0.6973180076628352
      ],
      "offset": [
        -0.06130268199233716,
        0.0
      ],
      "remainder": 0.0006079854833581441
    },
    "i": {
      "size": [
        0.367816091954023,
        0.6819923371647509
      ],
      "offset": [
        -0.04597701149425287,
        0.007662835249042145
      ],
      "remainder": 2.0405779517859115e-05
    },
    "j": {
      "size": [
        0.4904214559386973,
        0.9195402298850575
      ],
      "offset": [
        -0.038314176245210725,
        -0.007662835249042145
      ],
      "remainder": 0.00011085275958541364
    },
    "k": {
      "size": [
        0.6590038314176245,
        0.6973180076628352
      ],
      "offset": [
        -0.06130268199233716,
        0.0
      ],
      "remainder": 0.003535766520462585
    },
    "l": {
      "size": [
        0.3831417624521073,
        0.6973180076628352
      ],
      "offset": [
        -0.01532567049808429,
        0.0
      ],
      "remainder": 0.0013730279410766955
    },
    "m": {
      "size": [
        0.896551724137931,
        0.4367816091954023
      ],
      "offset": [
        -0.07662835249042145,
        0.0
      ],
      "remainder": 0.0064705419395521295
    },
    "n": {
      "size": [
        0.6053639846743295,
        0.4367816091954023
      ],
      "offset": [
        -0.05363984674329502,
        0.0
      ],
      "remainder": 0.0005065195845622325
    },
    "o": {
      "size": [
        0.5900383141762452,
        0.4521072796934866
      ],
      "offset": [
        -0.04597701149425287,
        0.007662835249042145
      ],
      "remainder": 5.4359715254580016e-05
    },
    "p": {
      "size": [
        0.6206896551724138,
        0.6743295019157088
      ],
      "offset": [
        -0.05363984674329502,
        0.0
      ],
      "remainder": 0.0008021897353825851
    },
    "q": {
      "size": [
        0.6206896551724138,
        0.6743295019157088
      ],
      "offset": [
        -0.06130268199233716,
        0.007662835249042145
      ],
      "remainder": 0.0007038112836558737
    },
    "r": {
      "size": [
        0.49808429118773945,
        0.4367816091954023
      ],
      "offset": [
        -0.06130268199233716,
        0.0
      ],
      "remainder": 0.00042924560556293896
    },
    "s": {
      "size": [
        0.4521072796934866,
        0.4444444444444444
      ],
      "offset": [
        -0.038314176245210725,
        0.0
      ],
      "remainder": 0.0001294700334845927
    },
    "t": {
      "size": [
        0.42911877394636017,
        0.5977011494252874
      ],
      "offset": [
        -0.04597701149425287,
        0.0
      ],
      "remainder": 5.919895062984824e-05
    },
    "u": {
      "size": [
        0.6130268199233716,
        0.4367816091954023
      ],
      "offset": [
        -0.038314176245210725,
        0.0
      ],
      "remainder": 0.000939533237815107
    },
    "v": {
      "size": [
        0.6206896551724138,
        0.42911877394636017
      ],
      "offset": [
        -0.07662835249042145,
        -0.03065134099616858
      ],
      "remainder": 0.0021639124691195427
    },
    "w": {
      "size": [
        0.8735632183908046,
        0.4367816091954023
      ],
      "offset": [
        -0.07662835249042145,
        -0.007662835249042145
      ],
      "remainder": 0.012431301242934244
    },
    "x": {
      "size": [
        0.5977011494252874,
        0.42911877394636017
      ],
      "offset": [
        -0.038314176245210725,
        0.0
      ],
      "remainder": 0.001009480250475928
    },
    "y": {
      "size": [
        0.6283524904214559,
        0.6666666666666666
      ],
      "offset": [
        -0.05363984674329502,
        -0.007662835249042145
      ],
      "remainder": 5.506905116344659e-05
    },
    "z": {
      "size": [
        0.5517241379310345,
        0.4444444444444444
      ],
      "offset": [
        -0.022988505747126436,
        0.0
      ],
      "remainder": 3.1728015176489214e-05
    },
    "A": {
      "size": [
        0.7049808429118773,
        0.6666666666666666
      ],
      "offset": [
        -0.022988505747126436,
        0.01532567049808429
      ],
      "remainder": 6.508010626735258e-05
    },
    "B": {
      "size": [
        0.6973180076628352,
        0.6513409961685823
      ],
      "offset": [
        -0.06130268199233716,
        0.007662835249042145
      ],
      "remainder": 0.00038198297434178233
    },
    "C": {
      "size": [
        0.7662835249042146,
        0.6819923371647509
      ],
      "offset": [
        -0.05363984674329502,
        0.01532567049808429
      ],
      "remainder": 0.0007016678440152776
    },
    "D": {
      "size": [
        0.8199233716475096,
        0.6590038314176245
      ],
      "offset": [
        -0.06130268199233716,
        0.01532567049808429
      ],
      "remainder": 0.0006465232296867456
    },
    "E": {
      "size": [
        0.6666666666666666,
        0.6666666666666666
      ],
      "offset": [
        -0.05363984674329502,
        0.01532567049808429
      ],
      "remainder": 4.202269821694877e-06
    },
    "F": {
      "size": [
        0.6743295019157088,
        0.6590038314176245
      ],
      "offset": [
        -0.05363984674329502,
        0.01532567049808429
      ],
      "remainder": 4.257611858095568e-06
    },
    "G": {
      "size": [
        0.789272030651341,
        0.6743295019157088
      ],
      "offset": [
        -0.05363984674329502,
        0.01532567049808429
      ],
      "remainder": 0.0014778521436391912
    },
    "H": {
      "size": [
        0.8505747126436781,
        0.6513409961685823
      ],
      "offset": [
        -0.06130268199233716,
        0.007662835249042145
      ],
      "remainder": 0.0008256882833192982
    },
    "I": {
      "size": [
        0.4061302681992337,
        0.6513409961685823
      ],
      "offset": [
        -0.05363984674329502,
        0.007662835249042145
      ],
      "remainder": 3.974516056507413e-06
    },
    "J": {
      "size": [
        0.5287356321839081,
        0.8505747126436781
      ],
      "offset": [
        -0.022988505747126436,
        -0.01532567049808429
      ],
      "remainder": 3.405663778504144e-07
    },