{
  "base_font": "MinionPro",
  "overlay_font": "Mignon-Bold",
  "font_scale": 1.0316840277777777,
  "characters": {
    "a": {
      "size": [
        0.46949936895246114,
        0.46949936895246114
      ],
      "offset": [
        -0.022717711400925537,
        0.01514514093395036
      ],
      "remainder": 0.0003742968169016708
    },
    "b": {
      "size": [
        0.5376525031552377,
        0.7269667648296172
      ],
      "offset": [
        -0.022717711400925537,
        0.0
      ],
      "remainder": 0.00023942082430366816
    },
    "c": {
      "size": [
        0.42406394615061005,
        0.46949936895246114
      ],
      "offset": [
        -0.01514514093395036,
        0.00757257046697518
      ],
      "remainder": 0.00017573278310577912
    },
    "d": {
      "size": [
        0.5527976440891881,
        0.7269667648296172
      ],
      "offset": [
        -0.01514514093395036,
        0.00757257046697518
      ],
      "remainder": 0.00035935925628817234
    },
    "e": {
      "size": [
        0.43163651661758523,
        0.46949936895246114
      ],
      "offset": [
        -0.01514514093395036,
        0.00757257046697518
      ],
      "remainder": 9.912822989294774e-05
    },
    "f": {
      "size": [
        0.41649137568363487,
        0.7042490534286917
      ],
      "offset": [
        -0.01514514093395036,
        0.00757257046697518
      ],
      "remainder": 0.00011402321970921484
    },
    "g": {
      "size": [
        0.507362221287337,
        0.7042490534286917
      ],
      "offset": [
        -0.022717711400925537,
        0.0
      ],
      "remainder": 0.001014577039174446
    },
    "h": {
      "size": [
        0.5603702145561633,
        0.7118216238956668
      ],
      "offset": [
        -0.03029028186790072,
        0.0
      ],
      "remainder": 8.146986320140378e-05
    },
    "i": {
      "size": [
        0.295330248212032,
        0.6663862010938157
      ],
      "offset": [
        -0.022717711400925537,
        0.0
      ],
      "remainder": 2.5938918887997567e-05
    },
    "j": {
      "size": [
        0.3104753891459824,
        0.9011358855700463
      ],
      "offset": [
        -0.01514514093395036,
        0.00757257046697518
      ],
      "remainder": 0.0002382160707420223
    },
    "k": {
      "size": [
        0.5376525031552377,
        0.7042490534286917
      ],
      "offset": [
        -0.03029028186790072,
        0.00757257046697518
      ],
      "remainder": 0.00035994779755989514
    },
    "l": {
      "size": [
        0.2726125368111065,
        0.7042490534286917
      ],
      "offset": [
        -0.03029028186790072,
        0.0
      ],
      "remainder": 8.684442635185561e-07
    },
    "m": {
      "size": [
        0.8481278923012201,
        0.4543542280185108
      ],
      "offset": [
        -0.0378628523348759,
        0.00757257046697518
      ],
      "remainder": 0.0002188905252039075
    },
    "n": {
      "size": [
        0.5603702145561633,
        0.46192679848548596
      ],
      "offset": [
        -0.022717711400925537,
        0.00757257046697518
      ],
      "remainder": 0.00014752218005052625
    },
    "o": {
      "size": [
        0.5300799326882626,
        0.4770719394194363
      ],
      "offset": [
        -0.01514514093395036,
        0.00757257046697518
      ],
      "remainder": 0.0001658015482466818
    },
    "p": {
      "size": [
        0.545225073622213,
        0.6966764829617165
      ],
      "offset": [
        -0.0378628523348759,
        0.00757257046697518
      ],
      "remainder": 9.258137341373891e-05
    },
    "q": {
      "size": [
        0.545225073622213,
        0.6891039124947413
      ],
      "offset": [
        -0.01514514093395036,
        0.01514514093395036
      ],
      "remainder": 0.0004933519048436255
    },
    "r": {
      "size": [
        0.4089188052166597,
        0.46192679848548596
      ],
      "offset": [
        -0.0378628523348759,
        -0.00757257046697518
      ],
      "remainder": 2.1169925328160978e-05
    },
    "s": {
      "size": [
        0.38620109381573414,
        0.4770719394194363
      ],
      "offset": [
        -0.01514514093395036,
        0.00757257046697518
      ],
      "remainder": 0.0005171213094777228
    },
    "t": {
      "size": [
        0.34076567101388305,
        0.6058056373580144
      ],
      "offset": [
        -0.022717711400925537,
        0.00757257046697518
      ],
      "remainder": 1.4255895722832184e-06
    },
    "u": {
      "size": [
        0.5527976440891881,
        0.46949936895246114
      ],
      "offset": [
        -0.01514514093395036,
        0.00757257046697518
      ],
      "remainder": 6.570962193141047e-05
    },
    "v": {
      "size": [
        0.4922170803533867,
        0.4543542280185108
      ],
      "offset": [
        -0.022717711400925537,
        0.01514514093395036
      ],
      "remainder": 9.884885903611735e-05
    },
    "w": {
      "size": [
        0.7042490534286917,
        0.4543542280185108
      ],
      "offset": [
        -0.022717711400925537,
        0.00757257046697518
      ],
      "remainder": 0.0004857194930350185
    },
    "x": {
      "size": [
        0.4922170803533867,
        0.4467816575515356
      ],
      "offset": [
        -0.01514514093395036,
        0.00757257046697518
      ],
      "remainder": 0.0007355036457896816
    },
    "y": {
      "size": [
        0.4922170803533867,
        0.6891039124947413
      ],
      "offset": [
        -0.01514514093395036,
        0.01514514093395036
      ],
      "remainder": 0.00011395670283854095
    },
    "z": {
      "size": [
        0.4467816575515356,
        0.46192679848548596
      ],
      "offset": [
        -0.00757257046697518,
        0.00757257046697518
      ],
      "remainder": 0.0011379344383115888
    },
    "A": {
      "size": [
        0.7042490534286917,
        0.6663862010938157
      ],
      "offset": [
        0.0,
        0.0
      ],
      "remainder": 0.0013518654656380499
    },
    "B": {
      "size": [
        0.6436684896928903,
        0.6512410601598655
      ],
      "offset": [
        -0.03029028186790072,
        0.00757257046697518
      ],
      "remainder": 0.0001946049496533806
    },
    "C": {
      "size": [
        0.6815313420277661,
        0.6815313420277661
      ],
      "offset": [
        -0.03029028186790072,
        0.00757257046697518
      ],
      "remainder": 1.620297756119885e-05
    },
    "D": {
      "size": [
        0.7648296171644932,
        0.6512410601598655
      ],
      "offset": [
        -0.0378628523348759,
        0.00757257046697518
      ],
      "remainder": 0.00022599771980167331
    },
    "E": {
      "size": [
        0.5830879259570888,
        0.6512410601598655
      ],
      "offset": [
        -0.0378628523348759,
        0.00757257046697518
      ],
      "remainder": 0.0001890994813014425
    },
    "F": {
      "size": [
        0.5527976440891881,
        0.6512410601598655
      ],
      "offset": [
        -0.0378628523348759,
        0.01514514093395036
      ],
      "remainder": 6.29462450561336e-05
    },
    "G": {
      "size": [
        0.7269667648296172,
        0.6815313420277661
      ],
      "offset": [
        -0.022717711400925537,
        0.00757257046697518
      ],
      "remainder": 0.00033604589131941534
    },
    "H": {
      "size": [
        0.7875473285654186,
        0.6512410601598655
      ],
      "offset": [
        -0.022717711400925537,
        0.0
      ],
      "remainder": 2.801158457819657e-05
    },
    "I": {
      "size": [
        0.37862852334875896,
        0.6512410601598655
      ],
      "offset": [
        -0.022717711400925537,
        0.00757257046697518
      ],
      "remainder": 1.163779169310713e-06
    },
    "J": {
      "size": [
        0.3634833824148086,
        0.8178376104333194
      ],