{
  "base_font": "MinionPro-Italic",
  "overlay_font": "Mignon-BoldItalic",
  "font_scale": 1.0256076388888888,
  "characters": {
    "a": {
      "size": [
        0.5179856115107914,
        0.47228099873042745
      ],
      "offset": [
        -0.015234870926787982,
        0.007617435463393991
      ],
      "remainder": 0.0003544417970729915
    },
    "b": {
      "size": [
        0.5027507405840034,
        0.7160389335590351
      ],
      "offset": [
        -0.015234870926787982,
        0.0
      ],
      "remainder": 0.00012636768663636157
    },
    "c": {
      "size": [
        0.41134151502327554,
        0.47228099873042745
      ],
      "offset": [
        -0.022852306390181973,
        0.007617435463393991
      ],
      "remainder": 0.00018890205922928236
    },
    "d": {
      "size": [
        0.5560727888277613,
        0.7160389335590351
      ],
      "offset": [
        -0.015234870926787982,
        0.007617435463393991
      ],
      "remainder": 0.0010488342918414397
    },
    "e": {
      "size": [
        0.4265763859500635,
        0.47228099873042745
      ],
      "offset": [
        -0.022852306390181973,
        0.007617435463393991
      ],
      "remainder": 0.00040411393541743996
    },
    "f": {
      "size": [
        0.6017774016081253,
        0.9597968683876429
      ],
      "offset": [
        -0.022852306390181973,
        0.015234870926787982
      ],
      "remainder": 0.0005784881779565752
    },
    "g": {
      "size": [
        0.5636902242911553,
        0.7008040626322471
      ],
      "offset": [
        -0.015234870926787982,
        0.015234870926787982
      ],
      "remainder": 0.0005188507481152444
    },
    "h": {
      "size": [
        0.5332204824375794,
        0.7236563690224291
      ],
      "offset": [
        -0.030469741853575965,
        0.007617435463393991
      ],
      "remainder": 0.00023978480461999576
    },
    "i": {
      "size": [
        0.29707998307236566,
        0.6703343207786712
      ],
      "offset": [
        -0.030469741853575965,
        0.015234870926787982
      ],
      "remainder": 0.0002335700003591911
    },
    "j": {
      "size": [
        0.40372407955988154,
        0.9140922556072789
      ],
      "offset": [
        0.0,
        0.015234870926787982
      ],
      "remainder": 0.00015558083196641164
    },
    "k": {
      "size": [
        0.49513330512060943,
        0.7160389335590351
      ],
      "offset": [
        -0.030469741853575965,
        0.007617435463393991
      ],
      "remainder": 0.00020258697413424965
    },
    "l": {
      "size": [
        0.29707998307236566,
        0.7160389335590351
      ],
      "offset": [
        -0.022852306390181973,
        0.0
      ],
      "remainder": 0.00010632429102993392
    },
    "m": {
      "size": [
        0.7998307236563691,
        0.47228099873042745
      ],
      "offset": [
        -0.022852306390181973,
        0.007617435463393991
      ],
      "remainder": 0.0007585381720365736
    },
    "n": {
      "size": [
        0.5484553533643673,
        0.47228099873042745
      ],
      "offset": [
        -0.015234870926787982,
        0.007617435463393991
      ],
      "remainder": 0.0005666018792346303
    },
    "o": {
      "size": [
        0.49513330512060943,
        0.47228099873042745
      ],
      "offset": [
        -0.022852306390181973,
        0.007617435463393991
      ],
      "remainder": 0.00011270033218525214
    },
    "p": {
      "size": [
        0.5789250952179433,
        0.7769784172661871
      ],
      "offset": [
        -0.030469741853575965,
        0.015234870926787982
      ],
      "remainder": 0.0007211264232947402
    },
    "q": {
      "size": [
        0.5103681760473974,
        0.7008040626322471
      ],
      "offset": [
        -0.015234870926787982,
        0.007617435463393991
      ],
      "remainder": 0.0004316657553855384
    },
    "r": {
      "size": [
        0.43419382141345747,
        0.47228099873042745
      ],
      "offset": [
        -0.022852306390181973,
        0.007617435463393991
      ],
      "remainder": 0.00041396375362683227
    },
    "s": {
      "size": [
        0.3504020313161236,
        0.47228099873042745
      ],
      "offset": [
        -0.015234870926787982,
        0.007617435463393991
      ],
      "remainder": 0.00017882129444491004
    },
    "t": {
      "size": [
        0.36563690224291157,
        0.6170122725349133
      ],
      "offset": [
        -0.030469741853575965,
        0.015234870926787982
      ],
      "remainder": 0.00011514123527150193
    },
    "u": {
      "size": [
        0.5484553533643673,
        0.47228099873042745
      ],
      "offset": [
        -0.007617435463393991,
        0.007617435463393991
      ],
      "remainder": 0.0003058860778859342
    },
    "v": {
      "size": [
        0.47989843419382144,
        0.47228099873042745
      ],
      "offset": [
        -0.030469741853575965,
        0.007617435463393991
      ],
      "remainder": 0.00046547388614174217
    },
    "w": {
      "size": [
        0.6931866271688532,
        0.47228099873042745
      ],
      "offset": [
        -0.022852306390181973,
        0.015234870926787982
      ],
      "remainder": 0.00046417547682618747
    },
    "x": {
      "size": [
        0.5103681760473974,
        0.46466356326703345
      ],
      "offset": [
        -0.007617435463393991,
        0.0
      ],
      "remainder": 0.0005791160972157368
    },
    "y": {
      "size": [
        0.5408379179009734,
        0.7084214980956411
      ],
      "offset": [
        -0.030469741853575965,
        0.007617435463393991
      ],
      "remainder": 0.0007131678127523485
    },
    "z": {
      "size": [
        0.46466356326703345,
        0.49513330512060943
      ],
      "offset": [
        -0.007617435463393991,
        0.015234870926787982
      ],
      "remainder": 0.0010229799824129394
    },
    "A": {
      "size": [
        0.6931866271688532,
        0.6779517562420652
      ],
      "offset": [
        0.0,
        -0.007617435463393991
      ],
      "remainder": 0.0006559015763168012
    },
    "B": {
      "size": [
        0.6246297079983073,
        0.6550994498518832
      ],
      "offset": [
        -0.022852306390181973,
        0.007617435463393991
      ],
      "remainder": 2.9609053744301172e-05
    },
    "C": {
      "size": [
        0.6703343207786712,
        0.6931866271688532
      ],
      "offset": [
        -0.022852306390181973,
        0.007617435463393991
      ],
      "remainder": 9.478813711521652e-05
    },
    "D": {
      "size": [
        0.7312738044858231,
        0.6550994498518832
      ],
      "offset": [
        -0.030469741853575965,
        0.007617435463393991
      ],
      "remainder": 0.00010315329877116733
    },
    "E": {
      "size": [
        0.5865425306813373,
        0.6550994498518832
      ],
      "offset": [
        -0.022852306390181973,
        0.007617435463393991
      ],
      "remainder": 0.00010469436163094045
    },
    "F": {
      "size": [
        0.5941599661447313,
        0.6550994498518832
      ],
      "offset": [
        -0.030469741853575965,
        0.0
      ],
      "remainder": 0.0002711392610507803
    },
    "G": {
      "size": [
        0.7008040626322471,
        0.6931866271688532
      ],
      "offset": [
        -0.022852306390181973,
        0.007617435463393991
      ],
      "remainder": 0.00010366521260787373
    },
    "H": {
      "size": [
        0.8150655945831571,
        0.6550994498518832
      ],
      "offset": [
        -0.015234870926787982,
        0.007617435463393991
      ],
      "remainder": 2.970909511779472e-06
    },
    "I": {
      "size": [
        0.41895895048666953,
        0.6550994498518832
      ],
      "offset": [
        -0.022852306390181973,
        0.007617435463393991
      ],
      "remainder": 1.0791164963169605e-05
    },