{
  "base_font": "PlantinMTPro-Italic",
  "overlay_font": "EBGaramond-ExtraBoldItalic",
  "font_scale": 1.0529513888888888,
  "characters": {
    "a": {
      "size": [
        0.5787304204451773,
        0.4674361088211047
      ],
      "offset": [
        -0.00741962077493817,
        0.00741962077493817
      ],
      "remainder": 0.005485509565791171
    },
    "b": {
      "size": [
        0.5490519373454246,
        0.7271228359439407
      ],
      "offset": [
        -0.04451772464962902,
        -0.00741962077493817
      ],
      "remainder": 0.004808601429580585
    },
    "c": {
      "size": [
        0.3784006595218467,
        0.4525968672712284
      ],
      "offset": [
        0.0,
        0.01483924154987634
      ],
      "remainder": 0.0005360764890799253
    },
    "d": {
      "size": [
        0.6380873866446827,
        0.7271228359439407
      ],
      "offset": [
        -0.02967848309975268,
        0.00741962077493817
      ],
      "remainder": 0.00393305954989364
    },
    "e": {
      "size": [
        0.4006595218466612,
        0.46001648804616657
      ],
      "offset": [
        -0.00741962077493817,
        0.02225886232481451
      ],
      "remainder": 0.0013507878923331325
    },
    "f": {
      "size": [
        0.7642209398186315,
        1.0090684253915911
      ],
      "offset": [
        -0.0741962077493817,
        0.02225886232481451
      ],
      "remainder": 0.005629902260110232
    },
    "g": {
      "size": [
        0.6306677658697445,
        0.7345424567188789
      ],
      "offset": [
        0.00741962077493817,
        -0.02967848309975268
      ],
      "remainder": 0.010887837390197276
    },
    "h": {
      "size": [
        0.5787304204451773,
        0.7271228359439407
      ],
      "offset": [
        -0.06677658697444352,
        0.00741962077493817
      ],
      "remainder": 0.0058800929639784534
    },
    "i": {
      "size": [
        0.36356141797197034,
        0.6751854905193735
      ],
      "offset": [
        -0.03709810387469085,
        0.0
      ],
      "remainder": 0.0015892902516865353
    },
    "j": {
      "size": [
        0.5935696619950536,
        0.957131079967024
      ],
      "offset": [
        -0.05193734542456719,
        -0.01483924154987634
      ],
      "remainder": 0.0032769765155536397
    },
    "k": {
      "size": [
        0.5490519373454246,
        0.7271228359439407
      ],
      "offset": [
        -0.01483924154987634,
        0.0
      ],
      "remainder": 0.002980162806692661
    },
    "l": {
      "size": [
        0.3709810387469085,
        0.7271228359439407
      ],
      "offset": [
        -0.04451772464962902,
        0.01483924154987634
      ],
      "remainder": 0.00010667656437702295
    },
    "m": {
      "size": [
        0.8384171475680132,
        0.4525968672712284
      ],
      "offset": [
        -0.05193734542456719,
        0.00741962077493817
      ],
      "remainder": 0.003032190706528897
    },
    "n": {
      "size": [
        0.6158285243198681,
        0.4525968672712284
      ],
      "offset": [
        -0.06677658697444352,
        0.01483924154987634
      ],
      "remainder": 0.0020139743963261403
    },
    "o": {
      "size": [
        0.4748557295960429,
        0.4525968672712284
      ],
      "offset": [
        -0.01483924154987634,
        0.00741962077493817
      ],
      "remainder": 0.0006054839168858397
    },
    "p": {
      "size": [
        0.6603462489694971,
        0.830997526793075
      ],
      "offset": [
        -0.04451772464962902,
        0.01483924154987634
      ],
      "remainder": 0.005996875835618188
    },
    "q": {
      "size": [
        0.5564715581203628,
        0.7642209398186315
      ],
      "offset": [
        -0.05193734542456719,
        0.00741962077493817
      ],
      "remainder": 0.005894138666389956
    },
    "r": {
      "size": [
        0.5119538334707338,
        0.4525968672712284
      ],
      "offset": [
        -0.0741962077493817,
        0.00741962077493817
      ],
      "remainder": 0.0038753399344675795
    },
    "s": {
      "size": [
        0.38582028029678483,
        0.4525968672712284
      ],
      "offset": [
        0.00741962077493817,
        0.0
      ],
      "remainder": 0.0018986224356083432
    },
    "t": {
      "size": [
        0.40807914262159933,
        0.6009892827699918
      ],
      "offset": [
        -0.02225886232481451,
        0.00741962077493817
      ],
      "remainder": 5.285217689762655e-05
    },
    "u": {
      "size": [
        0.6158285243198681,
        0.4525968672712284
      ],
      "offset": [
        -0.01483924154987634,
        0.0
      ],
      "remainder": 0.0023845574433043453
    },
    "v": {
      "size": [
        0.48969497114591926,
        0.4525968672712284
      ],
      "offset": [
        0.02967848309975268,
        0.00741962077493817
      ],
      "remainder": 0.007797327884271289
    },
    "w": {
      "size": [
        0.7122835943940643,
        0.4525968672712284
      ],
      "offset": [
        -0.01483924154987634,
        0.00741962077493817
      ],
      "remainder": 0.006913486295529136
    },
    "x": {
      "size": [
        0.5564715581203628,
        0.4525968672712284
      ],
      "offset": [
        0.0,
        0.0
      ],
      "remainder": 0.0041534703846936695
    },
    "y": {
      "size": [
        0.6232481450948063,
        0.7345424567188789
      ],
      "offset": [
        -0.02225886232481451,
        -0.01483924154987634
      ],
      "remainder": 0.005220236560598865
    },
    "z": {
      "size": [
        0.4971145919208574,
        0.48227535037098107
      ],
      "offset": [
        0.01483924154987634,
        0.0
      ],
      "remainder": 0.007203954294927823
    },
    "A": {
      "size": [
        0.8384171475680132,
        0.6826051112943117
      ],
      "offset": [
        -0.04451772464962902,
        0.0
      ],
      "remainder": 0.0033558990486757152
    },
    "B": {
      "size": [
        0.7048639736191261,
        0.6677658697444353
      ],
      "offset": [
        0.02225886232481451,
        0.00741962077493817
      ],
      "remainder": 0.004171034031361374
    },
    "C": {
      "size": [
        0.7493816982687552,
        0.6826051112943117
      ],
      "offset": [
        -0.00741962077493817,
        0.0
      ],
      "remainder": 0.004441608165078909
    },
    "D": {
      "size": [
        0.8087386644682606,
        0.6677658697444353
      ],
      "offset": [
        0.02225886232481451,
        0.00741962077493817
      ],
      "remainder": 0.001475746485581138
    },
    "E": {
      "size": [
        0.6900247320692499,
        0.6751854905193735
      ],
      "offset": [
        0.03709810387469085,
        0.0
      ],
      "remainder": 0.006992835600893454
    },
    "F": {
      "size": [
        0.7122835943940643,
        0.6751854905193735
      ],
      "offset": [
        0.02225886232481451,
        0.00741962077493817
      ],
      "remainder": 0.006305853085518079
    },
    "G": {
      "size": [
        0.7568013190436934,
        0.6826051112943117
      ],
      "offset": [
        0.02967848309975268,
        -0.00741962077493817
      ],
      "remainder": 0.009607692010924733
    },
    "H": {
      "size": [
        0.957131079967024,
        0.6677658697444353
      ],
      "offset": [
        0.0,
        0.0
      ],
      "remainder": 0.0005699266584983949
    },
    "I": {
      "size": [
        0.5490519373454246,
        0.6677658697444353
      ],
      "offset": [
        -0.00741962077493817,
        0.0
      ],
      "remainder": 0.00015225764910754318
    },
    "J": {
      "size": [
        0.7271228359439407,
        0.8606760098928278
      ],
      "offset": [
        0.09645507007419621,
        -0.00741962077493817
      ],
      "remainder": 0.020305269865596005
    },