{
  "base_font": "Plantin",
  "overlay_font": "Bergamo-Bold",
  "font_scale": 1.0138888888888888,
  "characters": {
    "a": {
      "size": [
        0.4931506849315069,
        0.4700342465753425
      ],
      "offset": [
        0.0,
        0.0
      ],
      "remainder": 0.0028518411204633827
    },
    "b": {
      "size": [
        0.601027397260274,
        0.7397260273972603
      ],
      "offset": [
        -0.038527397260273974,
        0.0
      ],
      "remainder": 0.002180553925892224
    },
    "c": {
      "size": [
        0.5162671232876712,
        0.4700342465753425
      ],
      "offset": [
        -0.023116438356164386,
        -0.007705479452054795
      ],
      "remainder": 0.0026107121429208087
    },
    "d": {
      "size": [
        0.601027397260274,
        0.7320205479452055
      ],
      "offset": [
        -0.01541095890410959,
        0.007705479452054795
      ],
      "remainder": 0.0019556582576038756
    },
    "e": {
      "size": [
        0.5085616438356164,
        0.4623287671232877
      ],
      "offset": [
        0.0,
        0.0
      ],
      "remainder": 0.00414435118779176
    },
    "f": {
      "size": [
        0.5085616438356164,
        0.7320205479452055
      ],
      "offset": [
        -0.023116438356164386,
        0.0
      ],
      "remainder": 0.005044044012882987
    },
    "g": {
      "size": [
        0.5779109589041096,
        0.7089041095890412
      ],
      "offset": [
        -0.038527397260273974,
        -0.03082191780821918
      ],
      "remainder": 0.01198219316765311
    },
    "h": {
      "size": [
        0.6087328767123288,
        0.7243150684931507
      ],
      "offset": [
        -0.04623287671232877,
        0.0
      ],
      "remainder": 0.0024811303610934843
    },
    "i": {
      "size": [
        0.300513698630137,
        0.7089041095890412
      ],
      "offset": [
        -0.01541095890410959,
        0.0
      ],
      "remainder": 0.0001169834865216865
    },
    "j": {
      "size": [
        0.4315068493150685,
        0.9631849315068494
      ],
      "offset": [
        -0.038527397260273974,
        0.0
      ],
      "remainder": 0.0006538959596322415
    },
    "k": {
      "size": [
        0.5933219178082192,
        0.7243150684931507
      ],
      "offset": [
        -0.03082191780821918,
        0.0
      ],
      "remainder": 0.003880657559176734
    },
    "l": {
      "size": [
        0.300513698630137,
        0.7243150684931507
      ],
      "offset": [
        -0.023116438356164386,
        0.0
      ],
      "remainder": 0.00025476653243562165
    },
    "m": {
      "size": [
        0.9940068493150686,
        0.4623287671232877
      ],
      "offset": [
        -0.08476027397260275,
        0.0
      ],
      "remainder": 0.02011302120956938
    },
    "n": {
      "size": [
        0.6164383561643836,
        0.4623287671232877
      ],
      "offset": [
        -0.038527397260273974,
        0.0
      ],
      "remainder": 0.0024193808875745157
    },
    "o": {
      "size": [
        0.601027397260274,
        0.4623287671232877
      ],
      "offset": [
        -0.03082191780821918,
        0.0
      ],
      "remainder": 0.0001607675514740804
    },
    "p": {
      "size": [
        0.6087328767123288,
        0.716609589041096
      ],
      "offset": [
        -0.038527397260273974,
        -0.007705479452054795
      ],
      "remainder": 0.003867472851139234
    },
    "q": {
      "size": [
        0.5933219178082192,
        0.7011986301369864
      ],
      "offset": [
        -0.01541095890410959,
        0.0
      ],
      "remainder": 0.004811596817300772
    },
    "r": {
      "size": [
        0.4315068493150685,
        0.4700342465753425
      ],
      "offset": [
        -0.038527397260273974,
        0.0
      ],
      "remainder": 0.0010775621300830528
    },
    "s": {
      "size": [
        0.40068493150684936,
        0.4623287671232877
      ],
      "offset": [
        -0.007705479452054795,
        0.0
      ],
      "remainder": 0.0018215458786812098
    },
    "t": {
      "size": [
        0.36986301369863017,
        0.5933219178082192
      ],
      "offset": [
        -0.01541095890410959,
        0.0
      ],
      "remainder": 0.0014796651274662793
    },
    "u": {
      "size": [
        0.6164383561643836,
        0.4700342465753425
      ],
      "offset": [
        -0.007705479452054795,
        -0.007705479452054795
      ],
      "remainder": 0.0028761575598419023
    },
    "v": {
      "size": [
        0.5547945205479452,
        0.4546232876712329
      ],
      "offset": [
        -0.04623287671232877,
        0.0
      ],
      "remainder": 0.000733827420648699
    },
    "w": {
      "size": [
        0.8321917808219178,
        0.4546232876712329
      ],
      "offset": [
        -0.06934931506849315,
        0.0
      ],
      "remainder": 0.005667930221141987
    },
    "x": {
      "size": [
        0.5779109589041096,
        0.4392123287671233
      ],
      "offset": [
        -0.04623287671232877,
        0.0
      ],
      "remainder": 0.003894285535640404
    },
    "y": {
      "size": [
        0.5547945205479452,
        0.7011986301369864
      ],
      "offset": [
        -0.023116438356164386,
        0.0
      ],
      "remainder": 0.004607485808625642
    },
    "z": {
      "size": [
        0.5316780821917808,
        0.4777397260273973
      ],
      "offset": [
        -0.06934931506849315,
        0.0
      ],
      "remainder": 0.002185935406797226
    },
    "A": {
      "size": [
        0.7705479452054795,
        0.6934931506849316
      ],
      "offset": [
        -0.023116438356164386,
        0.0
      ],
      "remainder": 0.0003149866500640557
    },
    "B": {
      "size": [
        0.7397260273972603,
        0.6934931506849316
      ],
      "offset": [
        -0.03082191780821918,
        0.01541095890410959
      ],
      "remainder": 0.003654806176490543
    },
    "C": {
      "size": [
        0.7859589041095891,
        0.7089041095890412
      ],
      "offset": [
        -0.01541095890410959,
        0.0
      ],
      "remainder": 0.0013914988778603917
    },
    "D": {
      "size": [
        0.8784246575342466,
        0.6934931506849316
      ],
      "offset": [
        -0.023116438356164386,
        0.007705479452054795
      ],
      "remainder": 0.0029689193270089095
    },
    "E": {
      "size": [
        0.7011986301369864,
        0.678082191780822
      ],
      "offset": [
        -0.023116438356164386,
        0.0
      ],
      "remainder": 0.0034401535741510115
    },
    "F": {
      "size": [
        0.639554794520548,
        0.678082191780822
      ],
      "offset": [
        0.0,
        0.0
      ],
      "remainder": 0.006760065931522211
    },
    "G": {
      "size": [
        0.824486301369863,
        0.7089041095890412
      ],
      "offset": [
        0.0,
        0.007705479452054795
      ],
      "remainder": 0.00864770031223019
    },
    "H": {
      "size": [
        0.8938356164383562,
        0.678082191780822
      ],
      "offset": [
        -0.023116438356164386,
        0.0
      ],
      "remainder": 0.0005042223579166384
    },
    "I": {
      "size": [
        0.39297945205479456,
        0.678082191780822
      ],
      "offset": [
        -0.007705479452054795,
        0.0
      ],
      "remainder": 3.994364690716507e-05
    },
    "J": {
      "size": [
        0.5008561643835616,
        0.9246575342465754
      ],
      "offset": [
        -0.007705479452054795,
        -0.007705479452054795
      ],
      "remainder": 0.0057204333175023174
    },
    "K": {
      "size": [
        0.8013698630136987,
        0.678082191780822
      ],
      "offset": [
        -0.01541095890410959,
        0.0
      ],
      "remainder": 0.005310591481317407
    },
    "L": {
      "size": [
        0.6703767123287672,
        0.678082191780822
      ],