{
  "base_font": "Sabon",
  "overlay_font": "CrimsonText-Bold",
  "font_scale": 1.14453125,
  "characters": {
    "a": {
      "size": [
        0.4778156996587031,
        0.44368600682593856
      ],
      "offset": [
        -0.027303754266211604,
        0.027303754266211604
      ],
      "remainder": 4.0238449677991834e-05
    },
    "b": {
      "size": [
        0.552901023890785,
        0.689419795221843
      ],
      "offset": [
        -0.06143344709897611,
        0.020477815699658702
      ],
      "remainder": 0.0003064059737471215
    },
    "c": {
      "size": [
        0.44368600682593856,
        0.44368600682593856
      ],
      "offset": [
        -0.040955631399317405,
        0.013651877133105802
      ],
      "remainder": 1.2231654314483781e-05
    },
    "d": {
      "size": [
        0.5460750853242321,
        0.6962457337883959
      ],
      "offset": [
        -0.013651877133105802,
        0.013651877133105802
      ],
      "remainder": 0.0004672395099569103
    },
    "e": {
      "size": [
        0.45051194539249145,
        0.44368600682593856
      ],
      "offset": [
        -0.034129692832764506,
        0.006825938566552901
      ],
      "remainder": 0.0009693413100364646
    },
    "f": {
      "size": [
        0.45051194539249145,
        0.689419795221843
      ],
      "offset": [
        -0.04778156996587031,
        0.020477815699658702
      ],
      "remainder": 0.00029049088120219934
    },
    "g": {
      "size": [
        0.4778156996587031,
        0.6484641638225256
      ],
      "offset": [
        -0.020477815699658702,
        0.006825938566552901
      ],
      "remainder": 0.0011359756495039836
    },
    "h": {
      "size": [
        0.5802047781569966,
        0.689419795221843
      ],
      "offset": [
        -0.05460750853242321,
        0.013651877133105802
      ],
      "remainder": 0.00028788767695150523
    },
    "i": {
      "size": [
        0.32081911262798635,
        0.689419795221843
      ],
      "offset": [
        -0.027303754266211604,
        0.006825938566552901
      ],
      "remainder": 0.0
    },
    "j": {
      "size": [
        0.31399317406143346,
        0.8873720136518771
      ],
      "offset": [
        -0.020477815699658702,
        0.013651877133105802
      ],
      "remainder": 2.2466738238819528e-06
    },
    "k": {
      "size": [
        0.6075085324232082,
        0.689419795221843
      ],
      "offset": [
        -0.07508532423208192,
        0.020477815699658702
      ],
      "remainder": 0.0008167633156797561
    },
    "l": {
      "size": [
        0.32764505119453924,
        0.689419795221843
      ],
      "offset": [
        -0.06143344709897611,
        0.0
      ],
      "remainder": 0.0
    },
    "m": {
      "size": [
        0.8668941979522184,
        0.44368600682593856
      ],
      "offset": [
        -0.07508532423208192,
        0.013651877133105802
      ],
      "remainder": 0.0010474156200237067
    },
    "n": {
      "size": [
        0.5938566552901023,
        0.44368600682593856
      ],
      "offset": [
        -0.04778156996587031,
        0.013651877133105802
      ],
      "remainder": 3.815407701855422e-07
    },
    "o": {
      "size": [
        0.5119453924914675,
        0.44368600682593856
      ],
      "offset": [
        -0.013651877133105802,
        0.013651877133105802
      ],
      "remainder": 0.0
    },
    "p": {
      "size": [
        0.552901023890785,
        0.6552901023890785
      ],
      "offset": [
        -0.05460750853242321,
        0.027303754266211604
      ],
      "remainder": 0.0014768331051804669
    },
    "q": {
      "size": [
        0.5392491467576792,
        0.6621160409556314
      ],
      "offset": [
        -0.027303754266211604,
        0.013651877133105802
      ],
      "remainder": 0.00017597543664999753
    },
    "r": {
      "size": [
        0.45733788395904434,
        0.44368600682593856
      ],
      "offset": [
        -0.04778156996587031,
        0.020477815699658702
      ],
      "remainder": 0.00015317185697808538
    },
    "s": {
      "size": [
        0.3822525597269625,
        0.44368600682593856
      ],
      "offset": [
        -0.027303754266211604,
        0.013651877133105802
      ],
      "remainder": 5.287399443120759e-05
    },
    "t": {
      "size": [
        0.35494880546075086,
        0.5324232081911263
      ],
      "offset": [
        -0.04778156996587031,
        0.020477815699658702
      ],
      "remainder": 0.0004656473621404597
    },
    "u": {
      "size": [
        0.5870307167235495,
        0.45051194539249145
      ],
      "offset": [
        -0.05460750853242321,
        0.013651877133105802
      ],
      "remainder": 1.3212379055699897e-05
    },
    "v": {
      "size": [
        0.5870307167235495,
        0.45051194539249145
      ],
      "offset": [
        -0.08191126279863481,
        0.040955631399317405
      ],
      "remainder": 1.636740726550475e-05
    },
    "w": {
      "size": [
        0.8600682593856656,
        0.45051194539249145
      ],
      "offset": [
        -0.08873720136518772,
        0.034129692832764506
      ],
      "remainder": 0.001875330356038202
    },
    "x": {
      "size": [
        0.5938566552901023,
        0.45733788395904434
      ],
      "offset": [
        -0.04778156996587031,
        0.020477815699658702
      ],
      "remainder": 0.0003153176380125291
    },
    "y": {
      "size": [
        0.5392491467576792,
        0.6552901023890785
      ],
      "offset": [
        -0.05460750853242321,
        0.027303754266211604
      ],
      "remainder": 0.0003379392275262775
    },
    "z": {
      "size": [
        0.4232081911262799,
        0.4232081911262799
      ],
      "offset": [
        -0.013651877133105802,
        0.006825938566552901
      ],
      "remainder": 1.2441847625813336e-05
    },
    "A": {
      "size": [
        0.7098976109215017,
        0.6484641638225256
      ],
      "offset": [
        -0.034129692832764506,
        0.0
      ],
      "remainder": 0.0015587755042311383
    },
    "B": {
      "size": [
        0.5938566552901023,
        0.6552901023890785
      ],
      "offset": [
        -0.034129692832764506,
        0.020477815699658702
      ],
      "remainder": 0.0002347619826816676
    },
    "C": {
      "size": [
        0.6279863481228669,
        0.6552901023890785
      ],
      "offset": [
        0.013651877133105802,
        0.020477815699658702
      ],
      "remainder": 1.711346048698331e-06
    },
    "D": {
      "size": [
        0.7098976109215017,
        0.6484641638225256
      ],
      "offset": [
        -0.040955631399317405,
        0.020477815699658702
      ],
      "remainder": 0.00010165959592331403
    },
    "E": {
      "size": [
        0.5870307167235495,
        0.6484641638225256
      ],
      "offset": [
        -0.034129692832764506,
        0.013651877133105802
      ],
      "remainder": 0.0010756629403915715
    },
    "F": {
      "size": [
        0.5392491467576792,
        0.6484641638225256
      ],
      "offset": [
        -0.034129692832764506,
        0.013651877133105802
      ],
      "remainder": 0.0003355643091757362
    },
    "G": {
      "size": [
        0.689419795221843,
        0.6552901023890785
      ],
      "offset": [
        0.020477815699658702,
        0.013651877133105802
      ],
      "remainder": 0.00019279569077105025
    },
    "H": {
      "size": [
        0.7098976109215017,
        0.6621160409556314
      ],
      "offset": [
        0.006825938566552901,
        0.013651877133105802
      ],
      "remainder": 0.008194588453469452
    },
    "I": {
      "size": [
        0.3412969283276451,
        0.6621160409556314
      ],
      "offset": [
        -0.027303754266211604,
        0.020477815699658702
      ],
      "remainder": 0.00036249406336929233
    },