{
  "base_font": "Sabon-Italic",
  "overlay_font": "CrimsonText-BoldItalic",
  "font_scale": 1.19140625,
  "characters": {
    "a": {
      "size": [
        0.4524590163934426,
        0.4459016393442623
      ],
      "offset": [
        -0.013114754098360656,
        0.019672131147540985
      ],
      "remainder": 0.0018336599311683426
    },
    "b": {
      "size": [
        0.43278688524590164,
        0.6950819672131148
      ],
      "offset": [
        0.0,
        0.019672131147540985
      ],
      "remainder": 0.00043931253483821096
    },
    "c": {
      "size": [
        0.36721311475409835,
        0.4459016393442623
      ],
      "offset": [
        0.006557377049180328,
        0.03278688524590164
      ],
      "remainder": 0.0022439524856689404
    },
    "d": {
      "size": [
        0.45901639344262296,
        0.6885245901639344
      ],
      "offset": [
        0.019672131147540985,
        0.02622950819672131
      ],
      "remainder": 0.0011300237199160822
    },
    "e": {
      "size": [
        0.38688524590163936,
        0.4459016393442623
      ],
      "offset": [
        0.006557377049180328,
        0.019672131147540985
      ],
      "remainder": 0.0005756199704931161
    },
    "f": {
      "size": [
        0.6557377049180327,
        0.898360655737705
      ],
      "offset": [
        -0.20327868852459016,
        0.03934426229508197
      ],
      "remainder": 7.478358736126244e-05
    },
    "g": {
      "size": [
        0.4918032786885246,
        0.6557377049180327
      ],
      "offset": [
        -0.013114754098360656,
        -0.019672131147540985
      ],
      "remainder": 0.0032209831459553088
    },
    "h": {
      "size": [
        0.4786885245901639,
        0.6885245901639344
      ],
      "offset": [
        0.006557377049180328,
        0.02622950819672131
      ],
      "remainder": 0.0029755449394629962
    },
    "i": {
      "size": [
        0.2819672131147541,
        0.6885245901639344
      ],
      "offset": [
        -0.019672131147540985,
        0.05245901639344262
      ],
      "remainder": 0.0017139731990224681
    },
    "j": {
      "size": [
        0.36065573770491804,
        0.898360655737705
      ],
      "offset": [
        -0.05901639344262295,
        0.05245901639344262
      ],
      "remainder": 0.00042009288415820905
    },
    "k": {
      "size": [
        0.4721311475409836,
        0.6885245901639344
      ],
      "offset": [
        0.006557377049180328,
        0.03278688524590164
      ],
      "remainder": 0.0003797831283948548
    },
    "l": {
      "size": [
        0.28852459016393445,
        0.6885245901639344
      ],
      "offset": [
        -0.019672131147540985,
        0.006557377049180328
      ],
      "remainder": 0.0005863951714073241
    },
    "m": {
      "size": [
        0.7344262295081967,
        0.4459016393442623
      ],
      "offset": [
        -0.013114754098360656,
        0.03934426229508197
      ],
      "remainder": 0.003925287186589134
    },
    "n": {
      "size": [
        0.5114754098360655,
        0.4459016393442623
      ],
      "offset": [
        -0.019672131147540985,
        0.03934426229508197
      ],
      "remainder": 0.0028435116118501135
    },
    "o": {
      "size": [
        0.4,
        0.4459016393442623
      ],
      "offset": [
        0.03278688524590164,
        0.03278688524590164
      ],
      "remainder": 0.0026212313869166635
    },
    "p": {
      "size": [
        0.5049180327868853,
        0.6688524590163935
      ],
      "offset": [
        -0.05901639344262295,
        0.006557377049180328
      ],
      "remainder": 0.0038256401251049307
    },
    "q": {
      "size": [
        0.4065573770491803,
        0.6622950819672131
      ],
      "offset": [
        0.019672131147540985,
        0.02622950819672131
      ],
      "remainder": 0.0018461044394689826
    },
    "r": {
      "size": [
        0.4459016393442623,
        0.4459016393442623
      ],
      "offset": [
        -0.05245901639344262,
        0.04590163934426229
      ],
      "remainder": 0.0009886381202864481
    },
    "s": {
      "size": [
        0.32786885245901637,
        0.4459016393442623
      ],
      "offset": [
        0.006557377049180328,
        0.019672131147540985
      ],
      "remainder": 0.002251686535255937
    },
    "t": {
      "size": [
        0.3016393442622951,
        0.5377049180327869
      ],
      "offset": [
        0.006557377049180328,
        0.02622950819672131
      ],
      "remainder": 0.000983616362618051
    },
    "u": {
      "size": [
        0.5049180327868853,
        0.4459016393442623
      ],
      "offset": [
        -0.02622950819672131,
        0.0
      ],
      "remainder": 0.0032000053213496545
    },
    "v": {
      "size": [
        0.43278688524590164,
        0.4459016393442623
      ],
      "offset": [
        -0.02622950819672131,
        0.03278688524590164
      ],
      "remainder": 0.0009053685766320912
    },
    "w": {
      "size": [
        0.6754098360655738,
        0.4459016393442623
      ],
      "offset": [
        -0.02622950819672131,
        0.019672131147540985
      ],
      "remainder": 0.003833315639845734
    },
    "x": {
      "size": [
        0.5049180327868853,
        0.4459016393442623
      ],
      "offset": [
        -0.03934426229508197,
        0.03278688524590164
      ],
      "remainder": 0.0014612484684490526
    },
    "y": {
      "size": [
        0.5377049180327869,
        0.6557377049180327
      ],
      "offset": [
        -0.09836065573770492,
        0.013114754098360656
      ],
      "remainder": 0.0021402319310246656
    },
    "z": {
      "size": [
        0.4524590163934426,
        0.4459016393442623
      ],
      "offset": [
        -0.04590163934426229,
        0.04590163934426229
      ],
      "remainder": 0.001688533954866973
    },
    "A": {
      "size": [
        0.6754098360655738,
        0.6622950819672131
      ],
      "offset": [
        -0.03278688524590164,
        0.006557377049180328
      ],
      "remainder": 0.0002069722983840391
    },
    "B": {
      "size": [
        0.5704918032786885,
        0.6557377049180327
      ],
      "offset": [
        -0.03278688524590164,
        0.03934426229508197
      ],
      "remainder": 0.002425666997920683
    },
    "C": {
      "size": [
        0.5901639344262295,
        0.6622950819672131
      ],
      "offset": [
        0.03278688524590164,
        0.03278688524590164
      ],
      "remainder": 0.0018593184149295785
    },
    "D": {
      "size": [
        0.6754098360655738,
        0.6557377049180327
      ],
      "offset": [
        -0.013114754098360656,
        0.03934426229508197
      ],
      "remainder": 0.0037812185624639975
    },
    "E": {
      "size": [
        0.5508196721311476,
        0.6557377049180327
      ],
      "offset": [
        -0.013114754098360656,
        0.02622950819672131
      ],
      "remainder": 0.0068433604855199425
    },
    "F": {
      "size": [
        0.5508196721311476,
        0.6557377049180327
      ],
      "offset": [
        -0.02622950819672131,
        0.03934426229508197
      ],
      "remainder": 0.004023287290355453
    },
    "G": {
      "size": [
        0.6426229508196721,
        0.6622950819672131
      ],
      "offset": [
        0.04590163934426229,
        0.03278688524590164
      ],
      "remainder": 0.0017380528383413886
    },
    "H": {
      "size": [
        0.7278688524590164,
        0.6557377049180327
      ],
      "offset": [
        0.006557377049180328,
        0.013114754098360656
      ],
      "remainder": 0.0031531093311196515
    },
    "I": {
      "size": [
        0.380327868852459,
        0.6491803278688525
      ],
      "offset": [
        -0.006557377049180328,
        0.013114754098360656
      ],
      "remainder": 0.0012775235502980624
    },