{
  "base_font": "Sabon-Italic",
  "overlay_font": "CrimsonText-BoldItalic",
  "font_scale": 1.19140625,
  "average_remainder": 0.002999680299452812,
  "offsets": {
    "a": [
      [
        -0.013114754098360656,
        0.019672131147540985
      ],
      0.0018336599311683426
    ],
    "b": [
      [
        0.0,
        0.019672131147540985
      ],
      0.00043931253483821096
    ],
    "c": [
      [
        0.006557377049180328,
        0.03278688524590164
      ],
      0.0022439524856689404
    ],
    "d": [
      [
        0.019672131147540985,
        0.02622950819672131
      ],
      0.0011300237199160822
    ],
    "e": [
      [
        0.006557377049180328,
        0.019672131147540985
      ],
      0.0005756199704931161
    ],
    "f": [
      [
        -0.03278688524590164,
        0.03934426229508197
      ],
      7.478358736126244e-05
    ],
    "g": [
      [
        -0.013114754098360656,
        -0.019672131147540985
      ],
      0.0032209831459553088
    ],
    "h": [
      [
        0.006557377049180328,
        0.02622950819672131
      ],
      0.0029755449394629962
    ],
    "i": [
      [
        -0.019672131147540985,
        0.05245901639344262
      ],
      0.0017139731990224681
    ],
    "j": [
      [
        -0.03934426229508197,
        0.05245901639344262
      ],
      0.00042009288415820905
    ],
    "k": [
      [
        0.013114754098360656,
        0.03278688524590164
      ],
      0.0003797831283948548
    ],
    "l": [
      [
        -0.019672131147540985,
        0.006557377049180328
      ],
      0.0005863951714073241
    ],
    "m": [
      [
        -0.013114754098360656,
        0.03934426229508197
      ],
      0.003925287186589134
    ],
    "n": [
      [
        -0.019672131147540985,
        0.03934426229508197
      ],
      0.0028435116118501135
    ],
    "o": [
      [
        0.03278688524590164,
        0.03278688524590164
      ],
      0.0026212313869166635
    ],
    "p": [
      [
        0.006557377049180328,
        0.006557377049180328
      ],
      0.0038256401251049307
    ],
    "q": [
      [
        0.019672131147540985,
        0.02622950819672131
      ],
      0.0018461044394689826
    ],
    "r": [
      [
        -0.05245901639344262,
        0.04590163934426229
      ],
      0.0009886381202864481
    ],
    "s": [
      [
        0.006557377049180328,
        0.019672131147540985
      ],
      0.002251686535255937
    ],
    "t": [
      [
        0.006557377049180328,
        0.02622950819672131
      ],
      0.000983616362618051
    ],
    "u": [
      [
        -0.02622950819672131,
        0.0
      ],
      0.0032000053213496545
    ],
    "v": [
      [
        -0.02622950819672131,
        0.03278688524590164
      ],
      0.0009053685766320912
    ],
    "w": [
      [
        -0.02622950819672131,
        0.019672131147540985
      ],
      0.003833315639845734
    ],
    "x": [
      [
        -0.013114754098360656,
        0.03278688524590164
      ],
      0.0014612484684490526
    ],
    "y": [
      [
        -0.07868852459016394,
        0.013114754098360656
      ],
      0.0021402319310246656
    ],
    "z": [
      [
        -0.03278688524590164,
        0.04590163934426229
      ],
      0.001688533954866973
    ],
    "A": [
      [
        0.0,
        0.006557377049180328
      ],
      0.0002069722983840391
    ],
    "B": [
      [
        -0.019672131147540985,
        0.03934426229508197
      ],
      0.002425666997920683
    ],
    "C": [
      [
        0.03278688524590164,
        0.03278688524590164
      ],
      0.0018593184149295785
    ],
    "D": [
      [
        0.0,
        0.03934426229508197
      ],
      0.0037812185624639975
    ],
    "E": [
      [
        0.0,
        0.02622950819672131
      ],
      0.0068433604855199425
    ],
    "F": [
      [
        -0.013114754098360656,
        0.03934426229508197
      ],
      0.004023287290355453
    ],
    "G": [
      [
        0.04590163934426229,
        0.03278688524590164
      ],
      0.0017380528383413886
    ],
    "H": [
      [
        0.019672131147540985,
        0.013114754098360656
      ],
      0.0031531093311196515
    ],
    "I": [
      [
        0.006557377049180328,
        0.013114754098360656
      ],
      0.0012775235502980624
    ],
    "J": [
      [
        -0.03278688524590164,
        0.04590163934426229
      ],
      0.0016385584995922515
    ],
    "K": [
      [
        -0.02622950819672131,
        0.03278688524590164
      ],
      0.004078595802253325
    ],
    "L": [
      [
        0.03278688524590164,
        0.02622950819672131
      ],
      0.0022509665566477623
    ],
    "M": [
      [
        -0.02622950819672131,
        0.019672131147540985
      ],
      0.0031853572421573287
    ],
    "N": [
      [
        -0.019672131147540985,
        0.05901639344262295
      ],
      0.005095051809990567
    ],
    "O": [
      [
        0.05245901639344262,
        0.03278688524590164
      ],
      0.011505378953263918
    ],
    "P": [
      [
        -0.019672131147540985,
        0.019672131147540985
      ],
      0.0025221180568027472
    ],
    "Q": [
      [
        0.03934426229508197,
        0.03934426229508197
      ],
      0.015222873821487343
    ],
    "R": [
      [
        -0.006557377049180328,
        0.02622950819672131
      ],
      0.0024726550474996976
    ],
    "S": [
      [
        0.0,
        0.03278688524590164
      ],
      0.0022144402804883407
    ],
    "T": [
      [
        0.013114754098360656,
        0.05901639344262295
      ],
      0.0018543684954815088
    ],
    "U": [
      [
        0.019672131147540985,
        0.04590163934426229
      ],
      0.0006081318204736267
    ],
    "V": [
      [
        0.0,
        0.05901639344262295
      ],
      0.0018711371325109188
    ],
    "W": [
      [
        0.013114754098360656,
        0.04590163934426229
      ],
      0.01464537275389157
    ],
    "X": [
      [
        -0.03934426229508197,
        0.03934426229508197
      ],
      0.005894248286192827
    ],
    "Y": [
      [
        0.019672131147540985,
        0.04590163934426229
      ],
      0.0016917267646593206
    ],
    "Z": [
      [
        0.019672131147540985,
        0.02622950819672131
      ],
      0.005815340120714817
    ]
  }
}