{
  "base_font": "STIXTwoText",
  "overlay_font": "STIXTwoText-Bold",
  "font_scale": 1.00390625,
  "characters": {
    "a": {
      "size": [
        0.5447470817120622,
        0.490272373540856
      ],
      "offset": [
        -0.01556420233463035,
        0.007782101167315175
      ],
      "remainder": 0.0003274694720822042
    },
    "b": {
      "size": [
        0.5758754863813229,
        0.7159533073929961
      ],
      "offset": [
        -0.038910505836575876,
        0.0
      ],
      "remainder": 0.00030471325242221184
    },
    "c": {
      "size": [
        0.4980544747081712,
        0.490272373540856
      ],
      "offset": [
        -0.038910505836575876,
        0.007782101167315175
      ],
      "remainder": 7.601494767117784e-05
    },
    "d": {
      "size": [
        0.5914396887159533,
        0.7159533073929961
      ],
      "offset": [
        -0.007782101167315175,
        0.007782101167315175
      ],
      "remainder": 0.0007088931725753603
    },
    "e": {
      "size": [
        0.5136186770428015,
        0.490272373540856
      ],
      "offset": [
        -0.0311284046692607,
        0.0
      ],
      "remainder": 9.830714564134902e-05
    },
    "f": {
      "size": [
        0.4591439688715953,
        0.7237354085603113
      ],
      "offset": [
        -0.04669260700389105,
        0.007782101167315175
      ],
      "remainder": 0.00014278617885854389
    },
    "g": {
      "size": [
        0.5291828793774319,
        0.7159533073929961
      ],
      "offset": [
        -0.007782101167315175,
        0.0
      ],
      "remainder": 0.00020869428713204532
    },
    "h": {
      "size": [
        0.6459143968871596,
        0.708171206225681
      ],
      "offset": [
        -0.04669260700389105,
        0.0
      ],
      "remainder": 1.2165137443809876e-05
    },
    "i": {
      "size": [
        0.32684824902723736,
        0.708171206225681
      ],
      "offset": [
        -0.0311284046692607,
        0.007782101167315175
      ],
      "remainder": 4.450776850532599e-06
    },
    "j": {
      "size": [
        0.4280155642023346,
        0.9416342412451362
      ],
      "offset": [
        -0.023346303501945526,
        0.0
      ],
      "remainder": 0.00020196703689956888
    },
    "k": {
      "size": [
        0.622568093385214,
        0.708171206225681
      ],
      "offset": [
        -0.04669260700389105,
        0.0
      ],
      "remainder": 0.00020786149591120795
    },
    "l": {
      "size": [
        0.32684824902723736,
        0.708171206225681
      ],
      "offset": [
        -0.0311284046692607,
        0.0
      ],
      "remainder": 0.0
    },
    "m": {
      "size": [
        0.9494163424124513,
        0.48249027237354086
      ],
      "offset": [
        -0.054474708171206226,
        0.0
      ],
      "remainder": 0.0011011836011967716
    },
    "n": {
      "size": [
        0.6459143968871596,
        0.48249027237354086
      ],
      "offset": [
        -0.04669260700389105,
        0.0
      ],
      "remainder": 1.8974336460956594e-05
    },
    "o": {
      "size": [
        0.5525291828793775,
        0.490272373540856
      ],
      "offset": [
        -0.01556420233463035,
        0.007782101167315175
      ],
      "remainder": 6.767639276349659e-05
    },
    "p": {
      "size": [
        0.5914396887159533,
        0.708171206225681
      ],
      "offset": [
        -0.04669260700389105,
        0.0
      ],
      "remainder": 0.00026824817178380946
    },
    "q": {
      "size": [
        0.5836575875486382,
        0.708171206225681
      ],
      "offset": [
        -0.007782101167315175,
        0.0
      ],
      "remainder": 0.0006618577629844258
    },
    "r": {
      "size": [
        0.45136186770428016,
        0.48249027237354086
      ],
      "offset": [
        -0.04669260700389105,
        0.0
      ],
      "remainder": 0.00020772739789992934
    },
    "s": {
      "size": [
        0.44357976653696496,
        0.490272373540856
      ],
      "offset": [
        -0.023346303501945526,
        0.0
      ],
      "remainder": 0.0006983079438437972
    },
    "t": {
      "size": [
        0.38910505836575876,
        0.6381322957198443
      ],
      "offset": [
        -0.04669260700389105,
        0.007782101167315175
      ],
      "remainder": 4.690769719924065e-06
    },
    "u": {
      "size": [
        0.6303501945525292,
        0.48249027237354086
      ],
      "offset": [
        -0.023346303501945526,
        0.007782101167315175
      ],
      "remainder": 0.0002565465238948554
    },
    "v": {
      "size": [
        0.5836575875486382,
        0.47470817120622566
      ],
      "offset": [
        -0.054474708171206226,
        0.0
      ],
      "remainder": 0.0002429664395780702
    },
    "w": {
      "size": [
        0.9027237354085603,
        0.47470817120622566
      ],
      "offset": [
        -0.0622568093385214,
        0.0
      ],
      "remainder": 0.006280890634291575
    },
    "x": {
      "size": [
        0.5525291828793775,
        0.47470817120622566
      ],
      "offset": [
        -0.023346303501945526,
        0.007782101167315175
      ],
      "remainder": 0.0026143572674337395
    },
    "y": {
      "size": [
        0.5836575875486382,
        0.708171206225681
      ],
      "offset": [
        -0.04669260700389105,
        0.007782101167315175
      ],
      "remainder": 0.0012127797533288368
    },
    "z": {
      "size": [
        0.4980544747081712,
        0.47470817120622566
      ],
      "offset": [
        -0.023346303501945526,
        0.007782101167315175
      ],
      "remainder": 4.7362140459684795e-05
    },
    "A": {
      "size": [
        0.754863813229572,
        0.6614785992217899
      ],
      "offset": [
        0.0,
        0.007782101167315175
      ],
      "remainder": 2.6701468293403252e-05
    },
    "B": {
      "size": [
        0.6770428015564203,
        0.6614785992217899
      ],
      "offset": [
        -0.0311284046692607,
        0.007782101167315175
      ],
      "remainder": 2.8731563186370962e-05
    },
    "C": {
      "size": [
        0.6848249027237354,
        0.6770428015564203
      ],
      "offset": [
        -0.007782101167315175,
        0.007782101167315175
      ],
      "remainder": 0.0002872815752259245
    },
    "D": {
      "size": [
        0.7704280155642024,
        0.6614785992217899
      ],
      "offset": [
        -0.007782101167315175,
        0.007782101167315175
      ],
      "remainder": 5.564428906103455e-05
    },
    "E": {
      "size": [
        0.6614785992217899,
        0.6614785992217899
      ],
      "offset": [
        -0.0311284046692607,
        0.0
      ],
      "remainder": 0.00014745300250502532
    },
    "F": {
      "size": [
        0.622568093385214,
        0.6614785992217899
      ],
      "offset": [
        -0.0311284046692607,
        0.0
      ],
      "remainder": 3.230272093911179e-05
    },
    "G": {
      "size": [
        0.7392996108949417,
        0.6770428015564203
      ],
      "offset": [
        -0.007782101167315175,
        0.007782101167315175
      ],
      "remainder": 0.00020147374778665115
    },
    "H": {
      "size": [
        0.8482490272373541,
        0.6614785992217899
      ],
      "offset": [
        -0.038910505836575876,
        0.0
      ],
      "remainder": 0.0
    },
    "I": {
      "size": [
        0.4046692607003891,
        0.6614785992217899
      ],
      "offset": [
        -0.023346303501945526,
        0.0
      ],
      "remainder": 0.0
    },
    "J": {
      "size": [
        0.47470817120622566,
        0.669260700389105
      ],
      "offset": [
        -0.0311284046692607,
        0.0
      ],
      "remainder": 7.091815897266025e-05
    },
    "K": {
      "size": [
        0.7937743190661478,
        0.6614785992217899
      ],
      "offset": [
        -0.054474708171206226,
        0.0
      ],