{
  "base_font": "StoneSans",
  "overlay_font": "Vegur-Bold",
  "font_scale": 1.1553819444444444,
  "characters": {
    "a": {
      "size": [
        0.4868519909842224,
        0.507137490608565
      ],
      "offset": [
        -0.013523666416228399,
        0.0067618332081141996
      ],
      "remainder": 0.0003458584600812304
    },
    "b": {
      "size": [
        0.5679939894815929,
        0.7505634861006762
      ],
      "offset": [
        -0.033809166040571,
        0.013523666416228399
      ],
      "remainder": 0.00031112813943000366
    },
    "c": {
      "size": [
        0.43275732531930877,
        0.5003756574004508
      ],
      "offset": [
        0.013523666416228399,
        0.0067618332081141996
      ],
      "remainder": 3.457068016160938e-05
    },
    "d": {
      "size": [
        0.5679939894815929,
        0.7505634861006762
      ],
      "offset": [
        0.0067618332081141996,
        0.0202854996243426
      ],
      "remainder": 0.0002840759941944075
    },
    "e": {
      "size": [
        0.4800901577761082,
        0.507137490608565
      ],
      "offset": [
        0.013523666416228399,
        0.0067618332081141996
      ],
      "remainder": 2.8759766339536696e-05
    },
    "f": {
      "size": [
        0.405709992486852,
        0.7505634861006762
      ],
      "offset": [
        0.027047332832456798,
        0.027047332832456798
      ],
      "remainder": 3.2529410434368472e-06
    },
    "g": {
      "size": [
        0.5679939894815929,
        0.709992486851991
      ],
      "offset": [
        0.0,
        0.013523666416228399
      ],
      "remainder": 0.000446316495252691
    },
    "h": {
      "size": [
        0.5477084898572502,
        0.7370398196844478
      ],
      "offset": [
        -0.0405709992486852,
        0.0
      ],
      "remainder": 1.7294386375216343e-07
    },
    "i": {
      "size": [
        0.2434259954921112,
        0.67618332081142
      ],
      "offset": [
        -0.0067618332081141996,
        0.0
      ],
      "remainder": 0.0
    },
    "j": {
      "size": [
        0.3448534936138242,
        0.8925619834710744
      ],
      "offset": [
        -0.0202854996243426,
        0.033809166040571
      ],
      "remainder": 0.005683239744096295
    },
    "k": {
      "size": [
        0.5003756574004508,
        0.7370398196844478
      ],
      "offset": [
        -0.0405709992486852,
        0.0067618332081141996
      ],
      "remainder": 0.0
    },
    "l": {
      "size": [
        0.2434259954921112,
        0.7370398196844478
      ],
      "offset": [
        -0.013523666416228399,
        0.0
      ],
      "remainder": 0.0
    },
    "m": {
      "size": [
        0.8249436513899324,
        0.4936138241923366
      ],
      "offset": [
        -0.0473328324567994,
        0.0
      ],
      "remainder": 0.0001301165774675431
    },
    "n": {
      "size": [
        0.5477084898572502,
        0.4936138241923366
      ],
      "offset": [
        -0.0405709992486852,
        0.0
      ],
      "remainder": 6.713627577362445e-05
    },
    "o": {
      "size": [
        0.540946656649136,
        0.507137490608565
      ],
      "offset": [
        0.0,
        0.0067618332081141996
      ],
      "remainder": 0.0
    },
    "p": {
      "size": [
        0.5679939894815929,
        0.6964688204357626
      ],
      "offset": [
        -0.033809166040571,
        0.0202854996243426
      ],
      "remainder": 0.0003015779132061264
    },
    "q": {
      "size": [
        0.5679939894815929,
        0.7032306536438768
      ],
      "offset": [
        0.0,
        0.0202854996243426
      ],
      "remainder": 0.000361066877392113
    },
    "r": {
      "size": [
        0.3516153268219384,
        0.4936138241923366
      ],
      "offset": [
        -0.027047332832456798,
        0.0067618332081141996
      ],
      "remainder": 5.9554416786729626e-05
    },
    "s": {
      "size": [
        0.3921863260706236,
        0.507137490608565
      ],
      "offset": [
        0.0,
        0.013523666416228399
      ],
      "remainder": 1.580227993225922e-05
    },
    "t": {
      "size": [
        0.3786626596543952,
        0.6153268219383922
      ],
      "offset": [
        0.0,
        0.0067618332081141996
      ],
      "remainder": 1.3516228120938306e-06
    },
    "u": {
      "size": [
        0.5477084898572502,
        0.4936138241923366
      ],
      "offset": [
        -0.013523666416228399,
        0.033809166040571
      ],
      "remainder": 3.6630042477673614e-05
    },
    "v": {
      "size": [
        0.507137490608565,
        0.4868519909842224
      ],
      "offset": [
        -0.0067618332081141996,
        0.0
      ],
      "remainder": 8.524802145568183e-06
    },
    "w": {
      "size": [
        0.7235161532682194,
        0.4868519909842224
      ],
      "offset": [
        0.013523666416228399,
        0.0
      ],
      "remainder": 0.0009963535451496563
    },
    "x": {
      "size": [
        0.473328324567994,
        0.4868519909842224
      ],
      "offset": [
        0.0067618332081141996,
        0.0
      ],
      "remainder": 7.399336693765639e-06
    },
    "y": {
      "size": [
        0.507137490608565,
        0.7032306536438768
      ],
      "offset": [
        -0.013523666416228399,
        0.0202854996243426
      ],
      "remainder": 0.0014699313146793423
    },
    "z": {
      "size": [
        0.43275732531930877,
        0.4800901577761082
      ],
      "offset": [
        0.027047332832456798,
        0.0
      ],
      "remainder": 0.0005271728068389986
    },
    "A": {
      "size": [
        0.6356123215627348,
        0.6964688204357626
      ],
      "offset": [
        -0.013523666416228399,
        0.0473328324567994
      ],
      "remainder": 1.7134745885598967e-06
    },
    "B": {
      "size": [
        0.540946656649136,
        0.7167543200601052
      ],
      "offset": [
        -0.033809166040571,
        0.0067618332081141996
      ],
      "remainder": 1.1262104407540884e-05
    },
    "C": {
      "size": [
        0.6153268219383922,
        0.7235161532682194
      ],
      "offset": [
        0.0,
        0.027047332832456798
      ],
      "remainder": 0.00011222566779612314
    },
    "D": {
      "size": [
        0.67618332081142,
        0.7167543200601052
      ],
      "offset": [
        -0.0202854996243426,
        0.013523666416228399
      ],
      "remainder": 0.0
    },
    "E": {
      "size": [
        0.5003756574004508,
        0.6897069872276484
      ],
      "offset": [
        -0.027047332832456798,
        0.0
      ],
      "remainder": 0.0
    },
    "F": {
      "size": [
        0.4800901577761082,
        0.6897069872276484
      ],
      "offset": [
        -0.033809166040571,
        0.0
      ],
      "remainder": 0.0
    },
    "G": {
      "size": [
        0.6558978211870774,
        0.7235161532682194
      ],
      "offset": [
        0.0067618332081141996,
        0.027047332832456798
      ],
      "remainder": 0.0005410748328098455
    },
    "H": {
      "size": [
        0.6829451540195342,
        0.6897069872276484
      ],
      "offset": [
        -0.0473328324567994,
        0.0
      ],
      "remainder": 0.0012277630775493588
    },
    "I": {
      "size": [
        0.2434259954921112,
        0.6897069872276484
      ],
      "offset": [
        -0.013523666416228399,
        0.0
      ],
      "remainder": 0.0
    },
    "J": {
      "size": [
        0.3786626596543952,
        0.9060856498873028
      ],
      "offset": [
        -0.067618332081142,
        0.033809166040571
      ],
      "remainder": 0.0
    },
    "K": {
      "size": [
        0.5950413223140496,
        0.6897069872276484
      ],
      "offset": [
        -0.027047332832456798,
        0.0
      ],
      "remainder": 5.6772947322629444e-05
    },