{
  "base_font": "SuisseWorks",
  "overlay_font": "Playfair_SemiCondensed-Bold",
  "font_scale": 1.3285590277777777,
  "characters": {
    "a": {
      "size": [
        0.48807579222476316,
        0.44103234237177397
      ],
      "offset": [
        -0.02352172492649461,
        0.011760862463247305
      ],
      "remainder": 0.0010412774431979182
    },
    "b": {
      "size": [
        0.5233583796145052,
        0.6527278667102254
      ],
      "offset": [
        -0.05880431231623653,
        0.011760862463247305
      ],
      "remainder": 0.0008125509352937187
    },
    "c": {
      "size": [
        0.423391048676903,
        0.44103234237177397
      ],
      "offset": [
        -0.029402156158118264,
        0.005880431231623653
      ],
      "remainder": 0.0020773537992441024
    },
    "d": {
      "size": [
        0.5115975171512578,
        0.6468474354786018
      ],
      "offset": [
        -0.017641293694870958,
        0.005880431231623653
      ],
      "remainder": 0.0012065654812029975
    },
    "e": {
      "size": [
        0.4527932048350213,
        0.44103234237177397
      ],
      "offset": [
        -0.035282587389741916,
        0.0
      ],
      "remainder": 0.003830885911593758
    },
    "f": {
      "size": [
        0.41751061744527934,
        0.6350865730153545
      ],
      "offset": [
        -0.04116301862136557,
        0.011760862463247305
      ],
      "remainder": 0.0024428203685300702
    },
    "g": {
      "size": [
        0.48219536099313953,
        0.6233257105521072
      ],
      "offset": [
        -0.005880431231623653,
        0.0
      ],
      "remainder": 0.0073020613578221845
    },
    "h": {
      "size": [
        0.5645213982358707,
        0.6350865730153545
      ],
      "offset": [
        -0.05292388108461288,
        0.011760862463247305
      ],
      "remainder": 0.0005022912401272334
    },
    "i": {
      "size": [
        0.2999019928128063,
        0.6292061417837308
      ],
      "offset": [
        -0.035282587389741916,
        0.011760862463247305
      ],
      "remainder": 9.650480451356878e-05
    },
    "j": {
      "size": [
        0.3351845802025482,
        0.8232603724273114
      ],
      "offset": [
        -0.04704344985298922,
        0.017641293694870958
      ],
      "remainder": 8.290928828278717e-05
    },
    "k": {
      "size": [
        0.540999673309376,
        0.6350865730153545
      ],
      "offset": [
        -0.05880431231623653,
        0.011760862463247305
      ],
      "remainder": 0.007492984465650022
    },
    "l": {
      "size": [
        0.2999019928128063,
        0.6350865730153545
      ],
      "offset": [
        -0.035282587389741916,
        0.011760862463247305
      ],
      "remainder": 9.534687882887738e-05
    },
    "m": {
      "size": [
        0.8114995099640641,
        0.42927147990852665
      ],
      "offset": [
        -0.05880431231623653,
        0.011760862463247305
      ],
      "remainder": 0.0013145761079382562
    },
    "n": {
      "size": [
        0.5645213982358707,
        0.42927147990852665
      ],
      "offset": [
        -0.05292388108461288,
        0.011760862463247305
      ],
      "remainder": 0.0004467874346970622
    },
    "o": {
      "size": [
        0.4763149297615159,
        0.44103234237177397
      ],
      "offset": [
        -0.005880431231623653,
        0.011760862463247305
      ],
      "remainder": 0.0020725475562366883
    },
    "p": {
      "size": [
        0.5233583796145052,
        0.6174452793204835
      ],
      "offset": [
        -0.05292388108461288,
        0.011760862463247305
      ],
      "remainder": 0.0010393841069910562
    },
    "q": {
      "size": [
        0.5233583796145052,
        0.6233257105521072
      ],
      "offset": [
        -0.017641293694870958,
        0.0
      ],
      "remainder": 0.0003066459666165129
    },
    "r": {
      "size": [
        0.4116301862136557,
        0.42927147990852665
      ],
      "offset": [
        -0.05292388108461288,
        0.017641293694870958
      ],
      "remainder": 0.0007673960906704767
    },
    "s": {
      "size": [
        0.4116301862136557,
        0.44103234237177397
      ],
      "offset": [
        -0.029402156158118264,
        0.005880431231623653
      ],
      "remainder": 0.0027661136454038837
    },
    "t": {
      "size": [
        0.3469454426657955,
        0.5645213982358707
      ],
      "offset": [
        -0.05292388108461288,
        0.005880431231623653
      ],
      "remainder": 0.00020570475289647715
    },
    "u": {
      "size": [
        0.5527605357726234,
        0.4469127736033976
      ],
      "offset": [
        -0.05880431231623653,
        0.005880431231623653
      ],
      "remainder": 0.00022911017721424686
    },
    "v": {
      "size": [
        0.4998366546880105,
        0.423391048676903
      ],
      "offset": [
        -0.04704344985298922,
        0.005880431231623653
      ],
      "remainder": 0.00012888042794293917
    },
    "w": {
      "size": [
        0.7174126102580857,
        0.42927147990852665
      ],
      "offset": [
        -0.06468474354786018,
        0.005880431231623653
      ],
      "remainder": 0.0018374466035820667
    },
    "x": {
      "size": [
        0.48807579222476316,
        0.41751061744527934
      ],
      "offset": [
        -0.011760862463247305,
        0.005880431231623653
      ],
      "remainder": 0.002361045059858532
    },
    "y": {
      "size": [
        0.4998366546880105,
        0.6115648480888599
      ],
      "offset": [
        -0.04116301862136557,
        0.0
      ],
      "remainder": 0.004676206782326201
    },
    "z": {
      "size": [
        0.40574975498203203,
        0.41751061744527934
      ],
      "offset": [
        0.011760862463247305,
        0.005880431231623653
      ],
      "remainder": 0.0004860776198667268
    },
    "A": {
      "size": [
        0.6409670042469782,
        0.576282260699118
      ],
      "offset": [
        -0.011760862463247305,
        0.005880431231623653
      ],
      "remainder": 0.00110426200197156
    },
    "B": {
      "size": [
        0.5704018294674943,
        0.576282260699118
      ],
      "offset": [
        -0.02352172492649461,
        0.011760862463247305
      ],
      "remainder": 0.0007268202674244269
    },
    "C": {
      "size": [
        0.5880431231623653,
        0.5998039856256125
      ],
      "offset": [
        -0.005880431231623653,
        0.005880431231623653
      ],
      "remainder": 0.00166579050644615
    },
    "D": {
      "size": [
        0.6586082979418492,
        0.576282260699118
      ],
      "offset": [
        -0.04704344985298922,
        0.011760862463247305
      ],
      "remainder": 0.0008945731545891983
    },
    "E": {
      "size": [
        0.5645213982358707,
        0.576282260699118
      ],
      "offset": [
        -0.011760862463247305,
        0.011760862463247305
      ],
      "remainder": 0.00380780242893005
    },
    "F": {
      "size": [
        0.5115975171512578,
        0.576282260699118
      ],
      "offset": [
        -0.011760862463247305,
        0.011760862463247305
      ],
      "remainder": 0.0070735264185055255
    },
    "G": {
      "size": [
        0.6468474354786018,
        0.5998039856256125
      ],
      "offset": [
        0.0,
        0.011760862463247305
      ],
      "remainder": 0.003515187264946008
    },
    "H": {
      "size": [
        0.6997713165632147,
        0.576282260699118
      ],
      "offset": [
        -0.035282587389741916,
        0.005880431231623653
      ],
      "remainder": 0.00013561832087472347
    },
    "I": {
      "size": [
        0.35870630512904284,
        0.576282260699118
      ],
      "offset": [
        -0.035282587389741916,
        0.005880431231623653
      ],
      "remainder": 0.0
    },