{
  "base_font": "TimesNewRoman-Italic",
  "overlay_font": "TimesNewerRoman-BoldItalic",
  "font_scale": 1.03125,
  "characters": {
    "a": {
      "size": [
        0.5,
        0.4696969696969697
      ],
      "offset": [
        -0.015151515151515152,
        0.007575757575757576
      ],
      "remainder": 0.0006247860484854774
    },
    "b": {
      "size": [
        0.5,
        0.7045454545454546
      ],
      "offset": [
        -0.007575757575757576,
        0.007575757575757576
      ],
      "remainder": 0.000741918000662508
    },
    "c": {
      "size": [
        0.44696969696969696,
        0.4621212121212121
      ],
      "offset": [
        -0.007575757575757576,
        0.015151515151515152
      ],
      "remainder": 0.0012825261511077053
    },
    "d": {
      "size": [
        0.5454545454545454,
        0.7045454545454546
      ],
      "offset": [
        -0.015151515151515152,
        0.007575757575757576
      ],
      "remainder": 0.0005675916502702581
    },
    "e": {
      "size": [
        0.44696969696969696,
        0.4621212121212121
      ],
      "offset": [
        -0.007575757575757576,
        0.007575757575757576
      ],
      "remainder": 0.00147837416804024
    },
    "f": {
      "size": [
        0.6136363636363636,
        0.8863636363636364
      ],
      "offset": [
        0.007575757575757576,
        0.015151515151515152
      ],
      "remainder": 0.0026531312816869745
    },
    "g": {
      "size": [
        0.5303030303030303,
        0.6590909090909091
      ],
      "offset": [
        0.0,
        0.015151515151515152
      ],
      "remainder": 0.0035706798955419065
    },
    "h": {
      "size": [
        0.553030303030303,
        0.696969696969697
      ],
      "offset": [
        -0.030303030303030304,
        0.007575757575757576
      ],
      "remainder": 0.001083111233502153
    },
    "i": {
      "size": [
        0.29545454545454547,
        0.6818181818181818
      ],
      "offset": [
        -0.022727272727272728,
        0.015151515151515152
      ],
      "remainder": 0.0008362085915850836
    },
    "j": {
      "size": [
        0.4696969696969697,
        0.8787878787878788
      ],
      "offset": [
        -0.022727272727272728,
        0.022727272727272728
      ],
      "remainder": 0.0009915856158597505
    },
    "k": {
      "size": [
        0.5151515151515151,
        0.696969696969697
      ],
      "offset": [
        -0.03787878787878788,
        0.007575757575757576
      ],
      "remainder": 0.0013333854825599415
    },
    "l": {
      "size": [
        0.3181818181818182,
        0.696969696969697
      ],
      "offset": [
        -0.022727272727272728,
        0.0
      ],
      "remainder": 9.764250906957531e-05
    },
    "m": {
      "size": [
        0.7803030303030303,
        0.4621212121212121
      ],
      "offset": [
        -0.045454545454545456,
        0.022727272727272728
      ],
      "remainder": 0.0012471891965959328
    },
    "n": {
      "size": [
        0.553030303030303,
        0.4621212121212121
      ],
      "offset": [
        -0.030303030303030304,
        0.015151515151515152
      ],
      "remainder": 0.0011347272608751757
    },
    "o": {
      "size": [
        0.5,
        0.4696969696969697
      ],
      "offset": [
        -0.015151515151515152,
        0.015151515151515152
      ],
      "remainder": 0.0010887018434485537
    },
    "p": {
      "size": [
        0.5833333333333334,
        0.6590909090909091
      ],
      "offset": [
        0.022727272727272728,
        0.007575757575757576
      ],
      "remainder": 0.0004376719627399097
    },
    "q": {
      "size": [
        0.5,
        0.6590909090909091
      ],
      "offset": [
        -0.030303030303030304,
        0.007575757575757576
      ],
      "remainder": 0.0003443860426319928
    },
    "r": {
      "size": [
        0.42424242424242425,
        0.45454545454545453
      ],
      "offset": [
        -0.015151515151515152,
        0.015151515151515152
      ],
      "remainder": 0.00017569127657847858
    },
    "s": {
      "size": [
        0.38636363636363635,
        0.4621212121212121
      ],
      "offset": [
        0.0,
        0.015151515151515152
      ],
      "remainder": 0.002051067396223704
    },
    "t": {
      "size": [
        0.3106060606060606,
        0.5984848484848485
      ],
      "offset": [
        -0.015151515151515152,
        0.015151515151515152
      ],
      "remainder": 0.00011893588970970707
    },
    "u": {
      "size": [
        0.553030303030303,
        0.4621212121212121
      ],
      "offset": [
        -0.03787878787878788,
        0.007575757575757576
      ],
      "remainder": 0.001488265492776933
    },
    "v": {
      "size": [
        0.44696969696969696,
        0.4696969696969697
      ],
      "offset": [
        0.0,
        0.022727272727272728
      ],
      "remainder": 0.0008136737400706942
    },
    "w": {
      "size": [
        0.6666666666666666,
        0.4696969696969697
      ],
      "offset": [
        0.0,
        0.022727272727272728
      ],
      "remainder": 0.001990382724770484
    },
    "x": {
      "size": [
        0.5151515151515151,
        0.4696969696969697
      ],
      "offset": [
        -0.030303030303030304,
        0.015151515151515152
      ],
      "remainder": 0.0008598524123673489
    },
    "y": {
      "size": [
        0.5075757575757576,
        0.6590909090909091
      ],
      "offset": [
        0.0,
        0.022727272727272728
      ],
      "remainder": 0.00558652900335112
    },
    "z": {
      "size": [
        0.4166666666666667,
        0.5227272727272727
      ],
      "offset": [
        0.007575757575757576,
        0.0
      ],
      "remainder": 0.007078567333032676
    },
    "A": {
      "size": [
        0.7045454545454546,
        0.6742424242424242
      ],
      "offset": [
        0.030303030303030304,
        0.0
      ],
      "remainder": 0.010112557720014528
    },
    "B": {
      "size": [
        0.6666666666666666,
        0.6590909090909091
      ],
      "offset": [
        -0.03787878787878788,
        0.007575757575757576
      ],
      "remainder": 0.0010854818947729715
    },
    "C": {
      "size": [
        0.7045454545454546,
        0.696969696969697
      ],
      "offset": [
        -0.015151515151515152,
        0.015151515151515152
      ],
      "remainder": 0.00028411377577695034
    },
    "D": {
      "size": [
        0.7348484848484849,
        0.6590909090909091
      ],
      "offset": [
        -0.007575757575757576,
        0.007575757575757576
      ],
      "remainder": 0.001095581284281132
    },
    "E": {
      "size": [
        0.6818181818181818,
        0.6590909090909091
      ],
      "offset": [
        -0.03787878787878788,
        0.007575757575757576
      ],
      "remainder": 0.001617420502362014
    },
    "F": {
      "size": [
        0.6893939393939394,
        0.6590909090909091
      ],
      "offset": [
        -0.015151515151515152,
        0.015151515151515152
      ],
      "remainder": 0.0005126582935229862
    },
    "G": {
      "size": [
        0.7348484848484849,
        0.6893939393939394
      ],
      "offset": [
        -0.007575757575757576,
        0.0
      ],
      "remainder": 0.0012252455470280928
    },
    "H": {
      "size": [
        0.8257575757575758,
        0.6590909090909091
      ],
      "offset": [
        -0.007575757575757576,
        0.007575757575757576
      ],
      "remainder": 1.4332523157848527e-05
    },
    "I": {
      "size": [
        0.4393939393939394,
        0.6590909090909091
      ],
      "offset": [
        0.0,
        0.007575757575757576
      ],
      "remainder": 1.0861938913566649e-05
    },
    "J": {
      "size": [
        0.553030303030303,
        0.6742424242424242
      ],
      "offset": [
        -0.007575757575757576,
        0.007575757575757576
      ],