{
  "base_font": "TimesNewRoman",
  "overlay_font": "TimesNewerRoman-Bold",
  "font_scale": 1.0134548611111112,
  "config": {"typesetting_mode": "rearranged"},
  "characters": {
    "a": {
      "size": [
        0.4933618843683083,
        0.4779443254817987
      ],
      "offset": [
        -0.02312633832976445,
        0.0
      ],
      "remainder": 0.0022816345589731922
    },
    "b": {
      "size": [
        0.5550321199143469,
        0.678372591006424
      ],
      "offset": [
        -0.03854389721627409,
        0.007708779443254817
      ],
      "remainder": 0.0035449421236708263
    },
    "c": {
      "size": [
        0.44710920770877943,
        0.4779443254817987
      ],
      "offset": [
        -0.02312633832976445,
        0.0
      ],
      "remainder": 0.0025856751927991494
    },
    "d": {
      "size": [
        0.5627408993576016,
        0.6706638115631691
      ],
      "offset": [
        0.0,
        0.0
      ],
      "remainder": 0.002298285062040285
    },
    "e": {
      "size": [
        0.44710920770877943,
        0.4779443254817987
      ],
      "offset": [
        -0.007708779443254817,
        -0.007708779443254817
      ],
      "remainder": 0.004303402604002453
    },
    "f": {
      "size": [
        0.37773019271948605,
        0.678372591006424
      ],
      "offset": [
        0.0462526766595289,
        0.0
      ],
      "remainder": 0.00217491169885418
    },
    "g": {
      "size": [
        0.5010706638115632,
        0.6629550321199144
      ],
      "offset": [
        0.0,
        0.0
      ],
      "remainder": 0.005303919040986365
    },
    "h": {
      "size": [
        0.5627408993576016,
        0.6629550321199144
      ],
      "offset": [
        -0.03083511777301927,
        0.0
      ],
      "remainder": 0.0008680233447609317
    },
    "i": {
      "size": [
        0.2698072805139186,
        0.678372591006424
      ],
      "offset": [
        0.007708779443254817,
        0.0
      ],
      "remainder": 0.0007367467130688357
    },
    "j": {
      "size": [
        0.38543897216274087,
        0.8788008565310492
      ],
      "offset": [
        -0.02312633832976445,
        0.0
      ],
      "remainder": 0.0020918784231244566
    },
    "k": {
      "size": [
        0.5473233404710921,
        0.6629550321199144
      ],
      "offset": [
        -0.03854389721627409,
        0.0
      ],
      "remainder": 0.0019947355887873844
    },
    "l": {
      "size": [
        0.2698072805139186,
        0.6629550321199144
      ],
      "offset": [
        0.007708779443254817,
        0.0
      ],
      "remainder": 0.0008934535426220152
    },
    "m": {
      "size": [
        0.8325481798715203,
        0.4625267665952891
      ],
      "offset": [
        -0.03083511777301927,
        0.0
      ],
      "remainder": 0.0010595115799220158
    },
    "n": {
      "size": [
        0.5550321199143469,
        0.4625267665952891
      ],
      "offset": [
        -0.03083511777301927,
        0.0
      ],
      "remainder": 0.0007167581273638432
    },
    "o": {
      "size": [
        0.5010706638115632,
        0.4779443254817987
      ],
      "offset": [
        -0.007708779443254817,
        0.0
      ],
      "remainder": 0.0009602811801157127
    },
    "p": {
      "size": [
        0.5550321199143469,
        0.6629550321199144
      ],
      "offset": [
        -0.03854389721627409,
        0.007708779443254817
      ],
      "remainder": 0.001879849246164305
    },
    "q": {
      "size": [
        0.5550321199143469,
        0.6629550321199144
      ],
      "offset": [
        -0.02312633832976445,
        0.007708779443254817
      ],
      "remainder": 0.0028387803998728197
    },
    "r": {
      "size": [
        0.4394004282655246,
        0.4625267665952891
      ],
      "offset": [
        -0.053961456102783724,
        0.0
      ],
      "remainder": 0.00030698759726429417
    },
    "s": {
      "size": [
        0.38543897216274087,
        0.4779443254817987
      ],
      "offset": [
        0.007708779443254817,
        0.0
      ],
      "remainder": 0.002331371085648453
    },
    "t": {
      "size": [
        0.3314775160599572,
        0.6321199143468951
      ],
      "offset": [
        -0.03083511777301927,
        0.0
      ],
      "remainder": 7.156363868567983e-05
    },
    "u": {
      "size": [
        0.5550321199143469,
        0.4702355460385439
      ],
      "offset": [
        -0.02312633832976445,
        0.0
      ],
      "remainder": 0.0006487635178910427
    },
    "v": {
      "size": [
        0.4933618843683083,
        0.4702355460385439
      ],
      "offset": [
        0.0,
        0.0
      ],
      "remainder": 0.000708791002662005
    },
    "w": {
      "size": [
        0.7246252676659528,
        0.4702355460385439
      ],
      "offset": [
        -0.007708779443254817,
        0.007708779443254817
      ],
      "remainder": 0.003709027004519156
    },
    "x": {
      "size": [
        0.5010706638115632,
        0.44710920770877943
      ],
      "offset": [
        -0.015417558886509634,
        0.0
      ],
      "remainder": 0.0023046020362144453
    },
    "y": {
      "size": [
        0.5010706638115632,
        0.6552462526766595
      ],
      "offset": [
        0.0,
        0.007708779443254817
      ],
      "remainder": 0.0036827507120631006
    },
    "z": {
      "size": [
        0.44710920770877943,
        0.45481798715203425
      ],
      "offset": [
        0.0,
        0.0
      ],
      "remainder": 0.0011300599050937288
    },
    "A": {
      "size": [
        0.716916488222698,
        0.678372591006424
      ],
      "offset": [
        0.007708779443254817,
        0.0
      ],
      "remainder": 0.004228654669683872
    },
    "B": {
      "size": [
        0.6706638115631691,
        0.6629550321199144
      ],
      "offset": [
        0.0,
        0.007708779443254817
      ],
      "remainder": 0.0029637842245928835
    },
    "C": {
      "size": [
        0.716916488222698,
        0.6937901498929336
      ],
      "offset": [
        -0.0462526766595289,
        0.0
      ],
      "remainder": 0.00171664824149349
    },
    "D": {
      "size": [
        0.716916488222698,
        0.6629550321199144
      ],
      "offset": [
        0.0,
        0.0
      ],
      "remainder": 0.0018227660641568523
    },
    "E": {
      "size": [
        0.6706638115631691,
        0.6629550321199144
      ],
      "offset": [
        -0.03083511777301927,
        0.0
      ],
      "remainder": 0.006319479465576854
    },
    "F": {
      "size": [
        0.6089935760171306,
        0.6629550321199144
      ],
      "offset": [
        -0.015417558886509634,
        0.007708779443254817
      ],
      "remainder": 0.0025973699229335538
    },
    "G": {
      "size": [
        0.7785867237687366,
        0.6937901498929336
      ],
      "offset": [
        -0.015417558886509634,
        0.0
      ],
      "remainder": 0.008111257182159113
    },
    "H": {
      "size": [
        0.7785867237687366,
        0.6706638115631691
      ],
      "offset": [
        -0.03854389721627409,
        0.0
      ],
      "remainder": 0.0
    },
    "I": {
      "size": [
        0.3931477516059957,
        0.6629550321199144
      ],
      "offset": [
        -0.03083511777301927,
        0.0
      ],
      "remainder": 0.0
    },
    "J": {
      "size": [
        0.5010706638115632,
        0.678372591006424
      ],
      "offset": [
        -0.03854389721627409,
        0.0
      ],
      "remainder": 0.0014500975802492788
    },
    "K": {
      "size": [
        0.7785867237687366,
        0.6629550321199144
      ],
      "offset": [
        -0.07708779443254818,
        0.007708779443254817
      ],
      "remainder": 0.00175540895237259
    },
    "L": {
      "size": [
        0.6629550321199144,
        0.6629550321199144
      ],