{
  "base_font": "VectoraLH",
  "overlay_font": "OpenSans_SemiCondensed-Bold",
  "font_scale": 1.1458333333333333,
  "characters": {
    "a": {
      "size": [
        0.5386363636363637,
        0.5659090909090909
      ],
      "offset": [
        -0.034090909090909095,
        0.013636363636363637
      ],
      "remainder": 0.0015011655086079483
    },
    "b": {
      "size": [
        0.5659090909090909,
        0.7772727272727273
      ],
      "offset": [
        -0.05454545454545455,
        0.013636363636363637
      ],
      "remainder": 0.00020244276555862867
    },
    "c": {
      "size": [
        0.45681818181818185,
        0.5659090909090909
      ],
      "offset": [
        0.0,
        0.013636363636363637
      ],
      "remainder": 0.002685860242733364
    },
    "d": {
      "size": [
        0.5659090909090909,
        0.7772727272727273
      ],
      "offset": [
        -0.013636363636363637,
        0.013636363636363637
      ],
      "remainder": 0.0002345198612724145
    },
    "e": {
      "size": [
        0.525,
        0.5659090909090909
      ],
      "offset": [
        -0.027272727272727275,
        0.006818181818181819
      ],
      "remainder": 0.0007476012020928869
    },
    "f": {
      "size": [
        0.38181818181818183,
        0.7704545454545455
      ],
      "offset": [
        -0.034090909090909095,
        0.04090909090909091
      ],
      "remainder": 0.0
    },
    "g": {
      "size": [
        0.5113636363636364,
        0.790909090909091
      ],
      "offset": [
        -0.013636363636363637,
        -0.020454545454545454
      ],
      "remainder": 0.0016691078358203992
    },
    "h": {
      "size": [
        0.5795454545454546,
        0.7636363636363637
      ],
      "offset": [
        -0.04090909090909091,
        0.0
      ],
      "remainder": 0.0
    },
    "i": {
      "size": [
        0.27272727272727276,
        0.7568181818181818
      ],
      "offset": [
        -0.027272727272727275,
        0.020454545454545454
      ],
      "remainder": 0.0
    },
    "j": {
      "size": [
        0.3204545454545455,
        0.9954545454545455
      ],
      "offset": [
        -0.04772727272727273,
        0.013636363636363637
      ],
      "remainder": 0.00037840117388973366
    },
    "k": {
      "size": [
        0.5522727272727274,
        0.7636363636363637
      ],
      "offset": [
        -0.06136363636363637,
        0.020454545454545454
      ],
      "remainder": 0.000628830274222451
    },
    "l": {
      "size": [
        0.27272727272727276,
        0.7636363636363637
      ],
      "offset": [
        -0.034090909090909095,
        0.0
      ],
      "remainder": 0.0
    },
    "m": {
      "size": [
        0.865909090909091,
        0.5522727272727274
      ],
      "offset": [
        -0.04090909090909091,
        0.0
      ],
      "remainder": 2.9431320665860476e-05
    },
    "n": {
      "size": [
        0.5795454545454546,
        0.5522727272727274
      ],
      "offset": [
        -0.034090909090909095,
        0.0
      ],
      "remainder": 0.0
    },
    "o": {
      "size": [
        0.5522727272727274,
        0.5659090909090909
      ],
      "offset": [
        -0.027272727272727275,
        0.013636363636363637
      ],
      "remainder": 0.0
    },
    "p": {
      "size": [
        0.5659090909090909,
        0.790909090909091
      ],
      "offset": [
        -0.05454545454545455,
        0.013636363636363637
      ],
      "remainder": 0.000347877380139925
    },
    "q": {
      "size": [
        0.5659090909090909,
        0.790909090909091
      ],
      "offset": [
        -0.013636363636363637,
        0.013636363636363637
      ],
      "remainder": 0.0002539443839140921
    },
    "r": {
      "size": [
        0.4022727272727273,
        0.5522727272727274
      ],
      "offset": [
        -0.04090909090909091,
        0.0
      ],
      "remainder": 1.5263759347283253e-05
    },
    "s": {
      "size": [
        0.4363636363636364,
        0.5659090909090909
      ],
      "offset": [
        -0.006818181818181819,
        0.013636363636363637
      ],
      "remainder": 0.0014194402206231566
    },
    "t": {
      "size": [
        0.375,
        0.6681818181818182
      ],
      "offset": [
        -0.027272727272727275,
        0.013636363636363637
      ],
      "remainder": 0.0
    },
    "u": {
      "size": [
        0.5795454545454546,
        0.5522727272727274
      ],
      "offset": [
        -0.04090909090909091,
        0.020454545454545454
      ],
      "remainder": 0.0
    },
    "v": {
      "size": [
        0.5113636363636364,
        0.5386363636363637
      ],
      "offset": [
        -0.034090909090909095,
        0.0
      ],
      "remainder": 0.0
    },
    "w": {
      "size": [
        0.7704545454545455,
        0.5386363636363637
      ],
      "offset": [
        -0.027272727272727275,
        0.020454545454545454
      ],
      "remainder": 8.317269509065583e-07
    },
    "x": {
      "size": [
        0.5113636363636364,
        0.5386363636363637
      ],
      "offset": [
        -0.027272727272727275,
        0.0
      ],
      "remainder": 0.0
    },
    "y": {
      "size": [
        0.5113636363636364,
        0.7772727272727273
      ],
      "offset": [
        -0.04090909090909091,
        -0.027272727272727275
      ],
      "remainder": 0.0
    },
    "z": {
      "size": [
        0.42272727272727273,
        0.5386363636363637
      ],
      "offset": [
        0.0,
        0.006818181818181819
      ],
      "remainder": 0.0005289347057094091
    },
    "A": {
      "size": [
        0.6136363636363636,
        0.7159090909090909
      ],
      "offset": [
        -0.013636363636363637,
        0.05454545454545455
      ],
      "remainder": 5.3653572155505804e-05
    },
    "B": {
      "size": [
        0.6000000000000001,
        0.7159090909090909
      ],
      "offset": [
        -0.034090909090909095,
        0.04772727272727273
      ],
      "remainder": 0.0
    },
    "C": {
      "size": [
        0.5590909090909091,
        0.7431818181818183
      ],
      "offset": [
        -0.020454545454545454,
        0.04772727272727273
      ],
      "remainder": 0.009090428089276282
    },
    "D": {
      "size": [
        0.6545454545454545,
        0.7159090909090909
      ],
      "offset": [
        -0.04090909090909091,
        0.04772727272727273
      ],
      "remainder": 0.0
    },
    "E": {
      "size": [
        0.49772727272727274,
        0.7159090909090909
      ],
      "offset": [
        -0.013636363636363637,
        0.04090909090909091
      ],
      "remainder": 0.0020567745437275256
    },
    "F": {
      "size": [
        0.4840909090909091,
        0.7159090909090909
      ],
      "offset": [
        -0.013636363636363637,
        0.04090909090909091
      ],
      "remainder": 0.0014620259176334896
    },
    "G": {
      "size": [
        0.6477272727272728,
        0.7431818181818183
      ],
      "offset": [
        -0.04772727272727273,
        0.06818181818181819
      ],
      "remainder": 0.002953796583427455
    },
    "H": {
      "size": [
        0.675,
        0.7159090909090909
      ],
      "offset": [
        -0.034090909090909095,
        0.013636363636363637
      ],
      "remainder": 0.0
    },
    "I": {
      "size": [
        0.30000000000000004,
        0.7159090909090909
      ],
      "offset": [
        -0.04772727272727273,
        0.0
      ],
      "remainder": 0.0
    },
    "J": {
      "size": [
        0.3681818181818182,
        0.9272727272727274
      ],
      "offset": [
        0.04090909090909091,
        -0.17045454545454547
      ],
      "remainder": 0.0
    },
    "K": {
      "size": [
        0.5931818181818183,
        0.7159090909090909
      ],
      "offset": [
        -0.06818181818181819,
        0.04772727272727273
      ],
      "remainder": 0.0008736543969647022
    },