{
  "base_font": "VectoraLH-Light",
  "overlay_font": "OpenSans_SemiCondensed-SemiBold",
  "font_scale": 1.13671875,
  "characters": {
    "a": {
      "size": [
        0.5085910652920962,
        0.563573883161512
      ],
      "offset": [
        -0.020618556701030927,
        0.013745704467353952
      ],
      "remainder": 0.0015627840769254309
    },
    "b": {
      "size": [
        0.5498281786941581,
        0.7766323024054983
      ],
      "offset": [
        -0.048109965635738834,
        0.006872852233676976
      ],
      "remainder": 0.00021067276493337005
    },
    "c": {
      "size": [
        0.4329896907216495,
        0.563573883161512
      ],
      "offset": [
        -0.006872852233676976,
        0.006872852233676976
      ],
      "remainder": 0.002859023346091269
    },
    "d": {
      "size": [
        0.5498281786941581,
        0.7766323024054983
      ],
      "offset": [
        -0.013745704467353952,
        0.013745704467353952
      ],
      "remainder": 0.0001971315264690583
    },
    "e": {
      "size": [
        0.5085910652920962,
        0.563573883161512
      ],
      "offset": [
        -0.027491408934707903,
        0.006872852233676976
      ],
      "remainder": 0.0011171540357780944
    },
    "f": {
      "size": [
        0.35738831615120276,
        0.7697594501718213
      ],
      "offset": [
        -0.041237113402061855,
        0.048109965635738834
      ],
      "remainder": 1.4215985600427837e-05
    },
    "g": {
      "size": [
        0.4879725085910653,
        0.7903780068728522
      ],
      "offset": [
        -0.013745704467353952,
        -0.013745704467353952
      ],
      "remainder": 0.003666450353803235
    },
    "h": {
      "size": [
        0.5567010309278351,
        0.7628865979381443
      ],
      "offset": [
        -0.03436426116838488,
        0.0
      ],
      "remainder": 0.0
    },
    "i": {
      "size": [
        0.2542955326460481,
        0.7491408934707904
      ],
      "offset": [
        -0.027491408934707903,
        0.020618556701030927
      ],
      "remainder": 0.0
    },
    "j": {
      "size": [
        0.29553264604810997,
        0.9896907216494846
      ],
      "offset": [
        -0.054982817869415807,
        0.013745704467353952
      ],
      "remainder": 0.0006027657714826212
    },
    "k": {
      "size": [
        0.5017182130584192,
        0.7628865979381443
      ],
      "offset": [
        -0.061855670103092786,
        0.020618556701030927
      ],
      "remainder": 0.0008247378902711095
    },
    "l": {
      "size": [
        0.2542955326460481,
        0.7628865979381443
      ],
      "offset": [
        -0.027491408934707903,
        0.0
      ],
      "remainder": 0.0
    },
    "m": {
      "size": [
        0.8316151202749141,
        0.5498281786941581
      ],
      "offset": [
        -0.048109965635738834,
        0.0
      ],
      "remainder": 2.6707853912987947e-05
    },
    "n": {
      "size": [
        0.5567010309278351,
        0.5498281786941581
      ],
      "offset": [
        -0.03436426116838488,
        0.0
      ],
      "remainder": 6.385619584695262e-08
    },
    "o": {
      "size": [
        0.5360824742268041,
        0.563573883161512
      ],
      "offset": [
        -0.027491408934707903,
        0.006872852233676976
      ],
      "remainder": 5.4554476651913235e-06
    },
    "p": {
      "size": [
        0.5498281786941581,
        0.7903780068728522
      ],
      "offset": [
        -0.048109965635738834,
        0.006872852233676976
      ],
      "remainder": 0.00028355929114301254
    },
    "q": {
      "size": [
        0.5498281786941581,
        0.7903780068728522
      ],
      "offset": [
        -0.013745704467353952,
        0.013745704467353952
      ],
      "remainder": 0.00021491920195719236
    },
    "r": {
      "size": [
        0.37800687285223367,
        0.5498281786941581
      ],
      "offset": [
        -0.03436426116838488,
        0.0
      ],
      "remainder": 2.244492070523847e-05
    },
    "s": {
      "size": [
        0.41924398625429554,
        0.563573883161512
      ],
      "offset": [
        0.0,
        0.006872852233676976
      ],
      "remainder": 0.0018701542792298412
    },
    "t": {
      "size": [
        0.3436426116838488,
        0.6666666666666666
      ],
      "offset": [
        -0.03436426116838488,
        0.020618556701030927
      ],
      "remainder": 0.0
    },
    "u": {
      "size": [
        0.5567010309278351,
        0.5498281786941581
      ],
      "offset": [
        -0.027491408934707903,
        0.013745704467353952
      ],
      "remainder": 0.0
    },
    "v": {
      "size": [
        0.4742268041237113,
        0.5360824742268041
      ],
      "offset": [
        -0.020618556701030927,
        0.0
      ],
      "remainder": 0.0
    },
    "w": {
      "size": [
        0.7285223367697594,
        0.5360824742268041
      ],
      "offset": [
        -0.027491408934707903,
        0.020618556701030927
      ],
      "remainder": 7.609530005095185e-08
    },
    "x": {
      "size": [
        0.48109965635738833,
        0.5360824742268041
      ],
      "offset": [
        -0.027491408934707903,
        0.0
      ],
      "remainder": 0.0
    },
    "y": {
      "size": [
        0.4742268041237113,
        0.7766323024054983
      ],
      "offset": [
        -0.027491408934707903,
        -0.020618556701030927
      ],
      "remainder": 3.2460232888867606e-06
    },
    "z": {
      "size": [
        0.4054982817869416,
        0.5360824742268041
      ],
      "offset": [
        0.0,
        0.006872852233676976
      ],
      "remainder": 0.001399492077175534
    },
    "A": {
      "size": [
        0.5773195876288659,
        0.7147766323024055
      ],
      "offset": [
        0.0,
        0.020618556701030927
      ],
      "remainder": 0.0005076503713636889
    },
    "B": {
      "size": [
        0.584192439862543,
        0.7147766323024055
      ],
      "offset": [
        -0.048109965635738834,
        0.048109965635738834
      ],
      "remainder": 0.00016014282502471104
    },
    "C": {
      "size": [
        0.5498281786941581,
        0.7422680412371134
      ],
      "offset": [
        -0.03436426116838488,
        0.041237113402061855
      ],
      "remainder": 0.008080216153222942
    },
    "D": {
      "size": [
        0.6391752577319587,
        0.7147766323024055
      ],
      "offset": [
        -0.048109965635738834,
        0.048109965635738834
      ],
      "remainder": 6.06841393182553e-05
    },
    "E": {
      "size": [
        0.4879725085910653,
        0.7147766323024055
      ],
      "offset": [
        -0.020618556701030927,
        0.048109965635738834
      ],
      "remainder": 0.0014542370581450575
    },
    "F": {
      "size": [
        0.46735395189003437,
        0.7147766323024055
      ],
      "offset": [
        -0.020618556701030927,
        0.048109965635738834
      ],
      "remainder": 0.0004074679821043011
    },
    "G": {
      "size": [
        0.6460481099656358,
        0.7422680412371134
      ],
      "offset": [
        -0.061855670103092786,
        0.048109965635738834
      ],
      "remainder": 0.003586439604676934
    },
    "H": {
      "size": [
        0.6529209621993127,
        0.7147766323024055
      ],
      "offset": [
        -0.027491408934707903,
        0.013745704467353952
      ],
      "remainder": 0.0
    },
    "I": {
      "size": [
        0.27491408934707906,
        0.7147766323024055
      ],
      "offset": [
        -0.041237113402061855,
        0.0
      ],
      "remainder": 0.0
    },
    "J": {
      "size": [
        0.3436426116838488,
        0.9140893470790378
      ],
      "offset": [
        0.041237113402061855,
        -0.1718213058419244
      ],
      "remainder": 0.0
    },
    "K": {
      "size": [
        0.563573883161512,
        0.7147766323024055
      ],