{
  "base_font": "Verdana-Italic",
  "overlay_font": "DejaVuSans-BoldItalic",
  "font_scale": 1.04296875,
  "characters": {
    "a": {
      "size": [
        0.6741573033707865,
        0.5767790262172284
      ],
      "offset": [
        -0.02247191011235955,
        0.00749063670411985
      ],
      "remainder": 0.00020528596267871423
    },
    "b": {
      "size": [
        0.7191011235955056,
        0.7790262172284644
      ],
      "offset": [
        -0.06741573033707865,
        0.0149812734082397
      ],
      "remainder": 0.0017046645620728785
    },
    "c": {
      "size": [
        0.5917602996254682,
        0.5767790262172284
      ],
      "offset": [
        -0.0449438202247191,
        0.00749063670411985
      ],
      "remainder": 0.0
    },
    "d": {
      "size": [
        0.7340823970037453,
        0.7790262172284644
      ],
      "offset": [
        -0.03745318352059925,
        0.0
      ],
      "remainder": 0.001397722196280643
    },
    "e": {
      "size": [
        0.6816479400749064,
        0.5767790262172284
      ],
      "offset": [
        -0.052434456928838954,
        0.00749063670411985
      ],
      "remainder": 0.0
    },
    "f": {
      "size": [
        0.5468164794007491,
        0.7640449438202247
      ],
      "offset": [
        -0.03745318352059925,
        0.00749063670411985
      ],
      "remainder": 0.0
    },
    "g": {
      "size": [
        0.7191011235955056,
        0.7790262172284644
      ],
      "offset": [
        -0.03745318352059925,
        0.0
      ],
      "remainder": 0.0012041634239692213
    },
    "h": {
      "size": [
        0.7116104868913857,
        0.7640449438202247
      ],
      "offset": [
        -0.06741573033707865,
        0.0
      ],
      "remainder": 0.0001408476111796235
    },
    "i": {
      "size": [
        0.3595505617977528,
        0.7640449438202247
      ],
      "offset": [
        -0.03745318352059925,
        0.0
      ],
      "remainder": 0.0
    },
    "j": {
      "size": [
        0.4943820224719101,
        0.9812734082397003
      ],
      "offset": [
        0.0,
        0.0
      ],
      "remainder": 0.0016006523974675699
    },
    "k": {
      "size": [
        0.7191011235955056,
        0.7640449438202247
      ],
      "offset": [
        -0.03745318352059925,
        0.02247191011235955
      ],
      "remainder": 1.2680776225274016e-06
    },
    "l": {
      "size": [
        0.3595505617977528,
        0.7640449438202247
      ],
      "offset": [
        -0.03745318352059925,
        0.0
      ],
      "remainder": 0.0
    },
    "m": {
      "size": [
        1.048689138576779,
        0.5617977528089888
      ],
      "offset": [
        -0.0749063670411985,
        0.0
      ],
      "remainder": 0.0002353388169841517
    },
    "n": {
      "size": [
        0.7116104868913857,
        0.5617977528089888
      ],
      "offset": [
        -0.0749063670411985,
        0.0
      ],
      "remainder": 4.433535677653923e-05
    },
    "o": {
      "size": [
        0.6891385767790262,
        0.5767790262172284
      ],
      "offset": [
        -0.052434456928838954,
        0.00749063670411985
      ],
      "remainder": 0.0
    },
    "p": {
      "size": [
        0.7340823970037453,
        0.7715355805243446
      ],
      "offset": [
        -0.08239700374531835,
        0.02247191011235955
      ],
      "remainder": 0.0013212171523063396
    },
    "q": {
      "size": [
        0.7191011235955056,
        0.7715355805243446
      ],
      "offset": [
        -0.0449438202247191,
        0.00749063670411985
      ],
      "remainder": 0.0017251464368907888
    },
    "r": {
      "size": [
        0.5543071161048689,
        0.5617977528089888
      ],
      "offset": [
        -0.06741573033707865,
        0.0
      ],
      "remainder": 7.456807270027896e-06
    },
    "s": {
      "size": [
        0.599250936329588,
        0.5767790262172284
      ],
      "offset": [
        -0.03745318352059925,
        0.00749063670411985
      ],
      "remainder": 2.458463540107678e-07
    },
    "t": {
      "size": [
        0.5168539325842697,
        0.704119850187266
      ],
      "offset": [
        -0.052434456928838954,
        0.02247191011235955
      ],
      "remainder": 0.0
    },
    "u": {
      "size": [
        0.7116104868913857,
        0.5617977528089888
      ],
      "offset": [
        -0.03745318352059925,
        0.02247191011235955
      ],
      "remainder": 2.7896111290706656e-05
    },
    "v": {
      "size": [
        0.6816479400749064,
        0.5468164794007491
      ],
      "offset": [
        -0.03745318352059925,
        0.0
      ],
      "remainder": 0.0
    },
    "w": {
      "size": [
        0.9363295880149812,
        0.5468164794007491
      ],
      "offset": [
        -0.0599250936329588,
        0.0
      ],
      "remainder": 0.0
    },
    "x": {
      "size": [
        0.7191011235955056,
        0.5468164794007491
      ],
      "offset": [
        -0.03745318352059925,
        0.0
      ],
      "remainder": 0.0
    },
    "y": {
      "size": [
        0.6966292134831461,
        0.7640449438202247
      ],
      "offset": [
        -0.0599250936329588,
        -0.00749063670411985
      ],
      "remainder": 4.065511135589316e-07
    },
    "z": {
      "size": [
        0.6067415730337079,
        0.5468164794007491
      ],
      "offset": [
        -0.03745318352059925,
        0.0
      ],
      "remainder": 0.0
    },
    "A": {
      "size": [
        0.846441947565543,
        0.7340823970037453
      ],
      "offset": [
        -0.0299625468164794,
        0.0
      ],
      "remainder": 0.0
    },
    "B": {
      "size": [
        0.7640449438202247,
        0.7340823970037453
      ],
      "offset": [
        -0.03745318352059925,
        0.00749063670411985
      ],
      "remainder": 0.0
    },
    "C": {
      "size": [
        0.7340823970037453,
        0.7640449438202247
      ],
      "offset": [
        0.0,
        0.0149812734082397
      ],
      "remainder": 8.588658341415134e-07
    },
    "D": {
      "size": [
        0.8314606741573034,
        0.7340823970037453
      ],
      "offset": [
        -0.03745318352059925,
        0.00749063670411985
      ],
      "remainder": 0.0
    },
    "E": {
      "size": [
        0.6891385767790262,
        0.7340823970037453
      ],
      "offset": [
        0.0,
        0.02247191011235955
      ],
      "remainder": 4.4699337092867025e-08
    },
    "F": {
      "size": [
        0.6891385767790262,
        0.7340823970037453
      ],
      "offset": [
        -0.0149812734082397,
        0.0
      ],
      "remainder": 0.0
    },
    "G": {
      "size": [
        0.8239700374531835,
        0.7640449438202247
      ],
      "offset": [
        -0.0299625468164794,
        0.00749063670411985
      ],
      "remainder": 0.0004209671819063469
    },
    "H": {
      "size": [
        0.8389513108614233,
        0.7340823970037453
      ],
      "offset": [
        -0.0449438202247191,
        0.0
      ],
      "remainder": 0.0
    },
    "I": {
      "size": [
        0.37453183520599254,
        0.7340823970037453
      ],
      "offset": [
        0.0299625468164794,
        0.0
      ],
      "remainder": 0.007279326955695773
    },
    "J": {
      "size": [
        0.5468164794007491,
        0.9363295880149812
      ],
      "offset": [
        0.12734082397003746,
        -0.14232209737827714
      ],
      "remainder": 0.0029154142205087474
    },
    "K": {
      "size": [
        0.846441947565543,
        0.7340823970037453
      ],
      "offset": [
        -0.02247191011235955,
        0.0299625468164794
      ],
      "remainder": 0.0
    },
    "L": {
      "size": [
        0.6367041198501873,
        0.7340823970037453
      ],
      "offset": [
        -0.0449438202247191,
        0.0
      ],
      "remainder": 0.0
    },