{
  "base_font": "Verdana",
  "overlay_font": "DejaVuSans-Bold",
  "font_scale": 1.03515625,
  "characters": {
    "a": {
      "size": [
        0.6792452830188679,
        0.5811320754716981
      ],
      "offset": [
        -0.01509433962264151,
        0.007547169811320755
      ],
      "remainder": 0.0005617073018229614
    },
    "b": {
      "size": [
        0.7169811320754716,
        0.7773584905660378
      ],
      "offset": [
        -0.0830188679245283,
        0.01509433962264151
      ],
      "remainder": 0.0014354500331919184
    },
    "c": {
      "size": [
        0.5962264150943396,
        0.5811320754716981
      ],
      "offset": [
        -0.03773584905660377,
        0.007547169811320755
      ],
      "remainder": 4.2570797231301776e-07
    },
    "d": {
      "size": [
        0.7169811320754716,
        0.7773584905660378
      ],
      "offset": [
        -0.03773584905660377,
        0.007547169811320755
      ],
      "remainder": 0.001291213254417718
    },
    "e": {
      "size": [
        0.6792452830188679,
        0.5811320754716981
      ],
      "offset": [
        -0.045283018867924525,
        0.007547169811320755
      ],
      "remainder": 2.128539861565081e-09
    },
    "f": {
      "size": [
        0.4528301886792453,
        0.7622641509433963
      ],
      "offset": [
        -0.03773584905660377,
        0.0
      ],
      "remainder": 0.0
    },
    "g": {
      "size": [
        0.7169811320754716,
        0.7849056603773585
      ],
      "offset": [
        -0.03018867924528302,
        0.0
      ],
      "remainder": 0.0010295635562047602
    },
    "h": {
      "size": [
        0.7169811320754716,
        0.7622641509433963
      ],
      "offset": [
        -0.07547169811320754,
        0.0
      ],
      "remainder": 9.042037331928495e-06
    },
    "i": {
      "size": [
        0.3471698113207547,
        0.7622641509433963
      ],
      "offset": [
        -0.03773584905660377,
        0.007547169811320755
      ],
      "remainder": 0.0
    },
    "j": {
      "size": [
        0.3849056603773585,
        0.9811320754716981
      ],
      "offset": [
        -0.007547169811320755,
        0.007547169811320755
      ],
      "remainder": 0.0015157491994694612
    },
    "k": {
      "size": [
        0.6867924528301886,
        0.7622641509433963
      ],
      "offset": [
        -0.03773584905660377,
        0.022641509433962263
      ],
      "remainder": 2.6074613304172333e-08
    },
    "l": {
      "size": [
        0.3471698113207547,
        0.7622641509433963
      ],
      "offset": [
        -0.045283018867924525,
        0.0
      ],
      "remainder": 0.0
    },
    "m": {
      "size": [
        1.049056603773585,
        0.5660377358490566
      ],
      "offset": [
        -0.07547169811320754,
        0.0
      ],
      "remainder": 0.000131257474833342
    },
    "n": {
      "size": [
        0.7169811320754716,
        0.5660377358490566
      ],
      "offset": [
        -0.07547169811320754,
        0.0
      ],
      "remainder": 9.042037331928495e-06
    },
    "o": {
      "size": [
        0.6867924528301886,
        0.5811320754716981
      ],
      "offset": [
        -0.03773584905660377,
        0.007547169811320755
      ],
      "remainder": 0.0
    },
    "p": {
      "size": [
        0.7169811320754716,
        0.7773584905660378
      ],
      "offset": [
        -0.0830188679245283,
        0.01509433962264151
      ],
      "remainder": 0.0013084342061677103
    },
    "q": {
      "size": [
        0.7169811320754716,
        0.7773584905660378
      ],
      "offset": [
        -0.03773584905660377,
        0.007547169811320755
      ],
      "remainder": 0.0011403359634103998
    },
    "r": {
      "size": [
        0.4981132075471698,
        0.5660377358490566
      ],
      "offset": [
        -0.06792452830188679,
        0.0
      ],
      "remainder": 6.649026392563946e-06
    },
    "s": {
      "size": [
        0.5962264150943396,
        0.5811320754716981
      ],
      "offset": [
        -0.045283018867924525,
        0.007547169811320755
      ],
      "remainder": 5.852686416855908e-05
    },
    "t": {
      "size": [
        0.4830188679245283,
        0.7018867924528301
      ],
      "offset": [
        -0.06037735849056604,
        0.022641509433962263
      ],
      "remainder": 0.0
    },
    "u": {
      "size": [
        0.7169811320754716,
        0.5660377358490566
      ],
      "offset": [
        -0.03018867924528302,
        0.022641509433962263
      ],
      "remainder": 1.7334828632586084e-05
    },
    "v": {
      "size": [
        0.6566037735849056,
        0.5509433962264151
      ],
      "offset": [
        -0.03773584905660377,
        0.0
      ],
      "remainder": 0.0
    },
    "w": {
      "size": [
        0.9283018867924528,
        0.5509433962264151
      ],
      "offset": [
        -0.06792452830188679,
        0.0
      ],
      "remainder": 0.0
    },
    "x": {
      "size": [
        0.6490566037735849,
        0.5509433962264151
      ],
      "offset": [
        -0.03773584905660377,
        0.0
      ],
      "remainder": 0.0
    },
    "y": {
      "size": [
        0.6566037735849056,
        0.769811320754717
      ],
      "offset": [
        -0.052830188679245285,
        0.0
      ],
      "remainder": 0.0
    },
    "z": {
      "size": [
        0.5811320754716981,
        0.5509433962264151
      ],
      "offset": [
        -0.03773584905660377,
        0.0
      ],
      "remainder": 0.0
    },
    "A": {
      "size": [
        0.7773584905660378,
        0.7320754716981132
      ],
      "offset": [
        -0.06037735849056604,
        -0.007547169811320755
      ],
      "remainder": 0.0008905624533550445
    },
    "B": {
      "size": [
        0.7622641509433963,
        0.7320754716981132
      ],
      "offset": [
        -0.022641509433962263,
        0.007547169811320755
      ],
      "remainder": 0.0
    },
    "C": {
      "size": [
        0.7396226415094339,
        0.7622641509433963
      ],
      "offset": [
        -0.03018867924528302,
        0.01509433962264151
      ],
      "remainder": 0.0
    },
    "D": {
      "size": [
        0.8301886792452831,
        0.7320754716981132
      ],
      "offset": [
        -0.03773584905660377,
        0.007547169811320755
      ],
      "remainder": 0.0
    },
    "E": {
      "size": [
        0.6867924528301886,
        0.7320754716981132
      ],
      "offset": [
        -0.022641509433962263,
        0.0
      ],
      "remainder": 0.0
    },
    "F": {
      "size": [
        0.6867924528301886,
        0.7320754716981132
      ],
      "offset": [
        -0.052830188679245285,
        0.0
      ],
      "remainder": 0.0
    },
    "G": {
      "size": [
        0.8226415094339623,
        0.7622641509433963
      ],
      "offset": [
        -0.045283018867924525,
        0.01509433962264151
      ],
      "remainder": 0.0006951571727137154
    },
    "H": {
      "size": [
        0.8377358490566038,
        0.7320754716981132
      ],
      "offset": [
        -0.052830188679245285,
        0.0
      ],
      "remainder": 0.0
    },
    "I": {
      "size": [
        0.36981132075471695,
        0.7320754716981132
      ],
      "offset": [
        0.022641509433962263,
        0.0
      ],
      "remainder": 0.0081199538638985
    },
    "J": {
      "size": [
        0.43018867924528303,
        0.9358490566037736
      ],
      "offset": [
        0.07547169811320754,
        -0.14339622641509434
      ],
      "remainder": 0.0028189849791602642
    },
    "K": {
      "size": [
        0.8150943396226416,
        0.7320754716981132
      ],
      "offset": [
        -0.052830188679245285,
        0.022641509433962263
      ],
      "remainder": 0.0
    },
    "L": {
      "size": [
        0.6415094339622641,
        0.7320754716981132
      ],