{
  "base_font": "WarnockPro",
  "overlay_font": "CrimsonText-Bold",
  "font_scale": 1.07421875,
  "characters": {
    "a": {
      "size": [
        0.48,
        0.44363636363636366
      ],
      "offset": [
        -0.014545454545454545,
        0.014545454545454545
      ],
      "remainder": 0.0002433479803482557
    },
    "b": {
      "size": [
        0.5527272727272727,
        0.6909090909090909
      ],
      "offset": [
        -0.06545454545454546,
        0.014545454545454545
      ],
      "remainder": 0.00017808481965280853
    },
    "c": {
      "size": [
        0.44363636363636366,
        0.44363636363636366
      ],
      "offset": [
        0.0,
        0.014545454545454545
      ],
      "remainder": 0.00027252227982583224
    },
    "d": {
      "size": [
        0.5454545454545454,
        0.6981818181818182
      ],
      "offset": [
        0.007272727272727273,
        0.007272727272727273
      ],
      "remainder": 0.0012165430118040838
    },
    "e": {
      "size": [
        0.4509090909090909,
        0.44363636363636366
      ],
      "offset": [
        0.0,
        0.014545454545454545
      ],
      "remainder": 6.848949499061447e-05
    },
    "f": {
      "size": [
        0.4509090909090909,
        0.6836363636363636
      ],
      "offset": [
        -0.05818181818181818,
        0.007272727272727273
      ],
      "remainder": 0.00021168488563754425
    },
    "g": {
      "size": [
        0.4727272727272727,
        0.6472727272727272
      ],
      "offset": [
        0.0,
        0.007272727272727273
      ],
      "remainder": 0.0039008994411252524
    },
    "h": {
      "size": [
        0.5818181818181818,
        0.6909090909090909
      ],
      "offset": [
        -0.05818181818181818,
        0.007272727272727273
      ],
      "remainder": 3.686684253727273e-05
    },
    "i": {
      "size": [
        0.32,
        0.6909090909090909
      ],
      "offset": [
        -0.03636363636363636,
        0.0
      ],
      "remainder": 0.0013096868518762414
    },
    "j": {
      "size": [
        0.31272727272727274,
        0.8872727272727273
      ],
      "offset": [
        -0.03636363636363636,
        0.014545454545454545
      ],
      "remainder": 0.0013320753662751483
    },
    "k": {
      "size": [
        0.610909090909091,
        0.6909090909090909
      ],
      "offset": [
        -0.06545454545454546,
        0.014545454545454545
      ],
      "remainder": 0.0006748673986183115
    },
    "l": {
      "size": [
        0.32727272727272727,
        0.6909090909090909
      ],
      "offset": [
        -0.06545454545454546,
        0.0
      ],
      "remainder": 0.0
    },
    "m": {
      "size": [
        0.8727272727272727,
        0.44363636363636366
      ],
      "offset": [
        -0.04363636363636364,
        0.007272727272727273
      ],
      "remainder": 5.004569709015297e-05
    },
    "n": {
      "size": [
        0.5963636363636363,
        0.44363636363636366
      ],
      "offset": [
        -0.03636363636363636,
        0.007272727272727273
      ],
      "remainder": 3.256187066725734e-05
    },
    "o": {
      "size": [
        0.509090909090909,
        0.44363636363636366
      ],
      "offset": [
        -0.007272727272727273,
        0.014545454545454545
      ],
      "remainder": 1.2463665159394377e-05
    },
    "p": {
      "size": [
        0.5527272727272727,
        0.6545454545454545
      ],
      "offset": [
        -0.05090909090909091,
        0.014545454545454545
      ],
      "remainder": 0.0012300581756550914
    },
    "q": {
      "size": [
        0.5381818181818182,
        0.6618181818181819
      ],
      "offset": [
        0.0,
        0.014545454545454545
      ],
      "remainder": 0.00021179503757538023
    },
    "r": {
      "size": [
        0.4581818181818182,
        0.44363636363636366
      ],
      "offset": [
        -0.04363636363636364,
        0.007272727272727273
      ],
      "remainder": 0.0002543206033346238
    },
    "s": {
      "size": [
        0.38545454545454544,
        0.44363636363636366
      ],
      "offset": [
        -0.007272727272727273,
        0.007272727272727273
      ],
      "remainder": 0.0004914010980605012
    },
    "t": {
      "size": [
        0.3563636363636364,
        0.5381818181818182
      ],
      "offset": [
        -0.02909090909090909,
        0.007272727272727273
      ],
      "remainder": 0.0017609011173503933
    },
    "u": {
      "size": [
        0.5890909090909091,
        0.4509090909090909
      ],
      "offset": [
        -0.04363636363636364,
        0.007272727272727273
      ],
      "remainder": 0.002326646791425709
    },
    "v": {
      "size": [
        0.5818181818181818,
        0.4509090909090909
      ],
      "offset": [
        -0.07272727272727272,
        0.02181818181818182
      ],
      "remainder": 4.870790978715932e-05
    },
    "w": {
      "size": [
        0.8654545454545455,
        0.4509090909090909
      ],
      "offset": [
        -0.08727272727272728,
        0.02181818181818182
      ],
      "remainder": 0.003639483350162102
    },
    "x": {
      "size": [
        0.5963636363636363,
        0.4581818181818182
      ],
      "offset": [
        -0.07272727272727272,
        0.0
      ],
      "remainder": 0.0006002487730963203
    },
    "y": {
      "size": [
        0.5381818181818182,
        0.6545454545454545
      ],
      "offset": [
        -0.04363636363636364,
        0.014545454545454545
      ],
      "remainder": 0.0020782371432866518
    },
    "z": {
      "size": [
        0.4218181818181818,
        0.4218181818181818
      ],
      "offset": [
        0.0,
        0.0
      ],
      "remainder": 0.00014006909772525605
    },
    "A": {
      "size": [
        0.7127272727272728,
        0.6472727272727272
      ],
      "offset": [
        -0.02181818181818182,
        0.007272727272727273
      ],
      "remainder": 0.0007846457777086001
    },
    "B": {
      "size": [
        0.5963636363636363,
        0.6545454545454545
      ],
      "offset": [
        -0.03636363636363636,
        0.007272727272727273
      ],
      "remainder": 7.908536642148547e-05
    },
    "C": {
      "size": [
        0.6254545454545455,
        0.6545454545454545
      ],
      "offset": [
        0.007272727272727273,
        0.007272727272727273
      ],
      "remainder": 0.001965289900477458
    },
    "D": {
      "size": [
        0.7127272727272728,
        0.6472727272727272
      ],
      "offset": [
        -0.02909090909090909,
        0.014545454545454545
      ],
      "remainder": 0.0008661810935107472
    },
    "E": {
      "size": [
        0.5890909090909091,
        0.6472727272727272
      ],
      "offset": [
        -0.03636363636363636,
        0.007272727272727273
      ],
      "remainder": 0.0019026953966334481
    },
    "F": {
      "size": [
        0.5454545454545454,
        0.6472727272727272
      ],
      "offset": [
        -0.02181818181818182,
        0.02181818181818182
      ],
      "remainder": 0.0018487049830448498
    },
    "G": {
      "size": [
        0.6909090909090909,
        0.6545454545454545
      ],
      "offset": [
        0.014545454545454545,
        0.007272727272727273
      ],
      "remainder": 0.008719294814743863
    },
    "H": {
      "size": [
        0.7127272727272728,
        0.6618181818181819
      ],
      "offset": [
        0.007272727272727273,
        0.007272727272727273
      ],
      "remainder": 0.001633515988660204
    },
    "I": {
      "size": [
        0.3418181818181818,
        0.6618181818181819
      ],
      "offset": [
        -0.014545454545454545,
        0.007272727272727273
      ],
      "remainder": 0.00025355645752432186
    },
    "J": {
      "size": [
        0.46545454545454545,
        0.8581818181818182
      ],
      "offset": [
        -0.06545454545454546,
        0.02909090909090909
      ],